s1_id,matched_id,source,name_ratio,name_token_set_ratio,address_ratio,address_token_set_ratio,country_match,combined_score
S1-00001,S2-00001,S2,76.0,76.0,55.88,84.85,1,79.54
S1-00001,S3-00001,S3,61.11,100.0,44.74,48.0,1,79.2
S1-00002,S2-00002,S2,100.0,100.0,64.62,76.47,1,90.59
S1-00003,S2-00003,S2,85.71,85.71,100.0,100.0,1,91.43
S1-00003,S3-00002,S3,69.77,100.0,100.0,100.0,1,100.0
S1-00004,S2-00004,S2,100.0,100.0,61.9,81.82,1,92.73
S1-00005,S2-00005,S2,86.21,86.21,100.0,100.0,1,91.72
S1-00006,S2-00006,S2,75.0,75.0,98.08,98.08,1,84.23
S1-00006,S3-00003,S3,71.43,100.0,100.0,100.0,1,100.0
S1-00007,S2-00007,S2,100.0,100.0,100.0,100.0,1,100.0
S1-00008,S2-00008,S2,100.0,100.0,100.0,100.0,1,100.0
S1-00009,S2-00009,S2,100.0,100.0,100.0,100.0,1,100.0
S1-00010,S2-00010,S2,100.0,100.0,84.54,92.11,1,96.84
S1-00010,S3-00004,S3,41.67,100.0,100.0,100.0,1,100.0
S1-00011,S2-00011,S2,100.0,100.0,94.12,94.12,1,97.65
S1-00012,S2-00012,S2,100.0,100.0,50.0,85.71,1,94.29
S1-00013,S2-00013,S2,85.71,85.71,94.74,94.74,1,89.32
S1-00013,S3-00005,S3,83.33,100.0,100.0,100.0,1,100.0
S1-00014,S2-00014,S2,100.0,100.0,98.25,98.25,1,99.3
S1-00014,S3-00006,S3,83.33,100.0,100.0,100.0,1,100.0
S1-00015,S3-00007,S3,44.44,44.44,100.0,100.0,1,66.67
S1-00016,S2-00015,S2,86.67,86.67,51.06,85.71,1,86.29
S1-00017,S2-00016,S2,100.0,100.0,98.21,98.21,1,99.29
S1-00017,S3-00008,S3,76.92,100.0,62.37,77.19,1,90.88
S1-00018,S2-00017,S2,100.0,100.0,65.12,75.56,1,90.22
S1-00019,S2-00018,S2,83.33,83.33,93.94,93.94,1,87.58
S1-00020,S2-00019,S2,100.0,100.0,98.21,98.21,1,99.29
S1-00021,S2-00020,S2,100.0,100.0,93.33,93.33,1,97.33
S1-00022,S2-00021,S2,100.0,100.0,51.06,85.71,1,94.29
S1-00023,S2-00022,S2,100.0,100.0,98.0,98.0,1,99.2
S1-00025,S2-00023,S2,100.0,100.0,94.12,94.12,1,97.65
S1-00025,S3-00009,S3,62.5,100.0,100.0,100.0,1,100.0
S1-00027,S2-00024,S2,85.71,85.71,94.87,94.87,1,89.38
S1-00028,S2-00025,S2,100.0,100.0,93.55,93.55,1,97.42
S1-00029,S2-00026,S2,100.0,100.0,98.25,98.25,1,99.3
S1-00029,S3-00010,S3,83.33,100.0,100.0,100.0,1,100.0
S1-00030,S2-00027,S2,100.0,100.0,52.17,85.71,1,94.29
S1-00032,S2-00028,S2,85.71,85.71,98.25,98.25,1,90.73
S1-00032,S3-00011,S3,83.33,100.0,100.0,100.0,1,100.0
S1-00033,S2-00029,S2,100.0,100.0,97.96,97.96,1,99.18
S1-00034,S2-00030,S2,86.67,86.67,98.21,98.21,1,91.29
S1-00034,S3-00012,S3,80.0,100.0,100.0,100.0,1,100.0
S1-00035,S2-00031,S2,100.0,100.0,51.06,85.71,1,94.29
S1-00035,S3-00013,S3,62.5,100.0,51.61,49.18,1,79.67
S1-00037,S2-00032,S2,100.0,100.0,98.21,98.21,1,99.29
S1-00038,S2-00033,S2,100.0,100.0,52.17,85.71,1,94.29
S1-00038,S3-00014,S3,83.33,100.0,52.46,50.0,1,80.0
S1-00039,S3-00015,S3,27.27,27.27,100.0,100.0,1,56.36
S1-00041,S2-00034,S2,100.0,100.0,93.55,93.55,1,97.42
S1-00042,S2-00035,S2,100.0,100.0,94.12,94.12,1,97.65
S1-00042,S3-00016,S3,71.43,100.0,100.0,100.0,1,100.0
S1-00043,S2-00036,S2,85.71,85.71,93.75,93.75,1,88.93
S1-00043,S3-00017,S3,83.33,100.0,52.46,50.0,1,80.0
S1-00044,S2-00037,S2,100.0,100.0,63.53,74.42,1,89.77
S1-00045,S2-00038,S2,100.0,100.0,98.18,98.18,1,99.27
S1-00045,S3-00018,S3,76.92,100.0,100.0,100.0,1,100.0
S1-00046,S2-00039,S2,100.0,100.0,93.55,93.55,1,97.42
S1-00047,S2-00040,S2,100.0,100.0,93.75,93.75,1,97.5
S1-00050,S2-00041,S2,85.71,85.71,94.87,94.87,1,89.38
S1-00051,S2-00042,S2,100.0,100.0,45.28,85.71,1,94.29
S1-00052,S2-00043,S2,100.0,100.0,94.12,94.12,1,97.65
S1-00053,S2-00044,S2,100.0,100.0,50.0,85.71,1,94.29
S1-00053,S3-00019,S3,83.33,100.0,100.0,100.0,1,100.0
S1-00054,S3-00020,S3,50.0,50.0,100.0,100.0,1,70.0
S1-00055,S2-00045,S2,85.71,85.71,98.25,98.25,1,90.73
S1-00056,S2-00046,S2,100.0,100.0,98.28,98.28,1,99.31
S1-00056,S3-00021,S3,83.33,100.0,59.57,76.36,1,90.55
S1-00057,S2-00047,S2,100.0,100.0,98.21,98.21,1,99.29
S1-00058,S2-00048,S2,100.0,100.0,52.17,85.71,1,94.29
S1-00058,S3-00022,S3,76.92,100.0,100.0,100.0,1,100.0
S1-00059,S2-00049,S2,85.71,85.71,98.0,98.0,1,90.63
S1-00060,S2-00050,S2,100.0,100.0,98.25,98.25,1,99.3
S1-00061,S2-00051,S2,83.33,83.33,98.21,98.21,1,89.29
S1-00062,S2-00052,S2,100.0,100.0,98.0,98.0,1,99.2
S1-00063,S2-00053,S2,100.0,100.0,94.12,94.12,1,97.65
S1-00064,S2-00054,S2,100.0,100.0,97.96,97.96,1,99.18
S1-00065,S3-00023,S3,27.27,27.27,100.0,100.0,1,56.36
S1-00066,S3-00024,S3,27.27,27.27,100.0,100.0,1,56.36
S1-00067,S2-00055,S2,83.33,83.33,65.12,75.56,1,80.22
S1-00067,S3-00025,S3,71.43,100.0,100.0,100.0,1,100.0
S1-00068,S2-00056,S2,100.0,100.0,93.75,93.75,1,97.5
S1-00068,S3-00026,S3,80.0,100.0,100.0,100.0,1,100.0
S1-00069,S2-00057,S2,100.0,100.0,98.25,98.25,1,99.3
S1-00070,S3-00027,S3,37.5,37.5,100.0,100.0,1,62.5
S1-00071,S2-00058,S2,100.0,100.0,93.94,93.94,1,97.58
S1-00071,S3-00028,S3,76.92,100.0,100.0,100.0,1,100.0
S1-00073,S2-00059,S2,87.5,87.5,98.25,98.25,1,91.8
S1-00074,S2-00060,S2,100.0,100.0,93.55,93.55,1,97.42
S1-00075,S2-00061,S2,100.0,100.0,63.53,74.42,1,89.77
S1-00076,S3-00029,S3,46.67,46.67,100.0,100.0,1,68.0
S1-00077,S2-00062,S2,86.67,86.67,93.75,93.75,1,89.5
S1-00078,S2-00063,S2,100.0,100.0,52.17,85.71,1,94.29
S1-00080,S2-00064,S2,100.0,100.0,98.0,98.0,1,99.2
S1-00080,S3-00030,S3,76.92,100.0,56.1,72.34,1,88.94
S1-00081,S2-00065,S2,100.0,100.0,93.75,93.75,1,97.5
S1-00082,S2-00066,S2,100.0,100.0,93.55,93.55,1,97.42
S1-00083,S2-00067,S2,100.0,100.0,93.94,93.94,1,97.58
S1-00084,S2-00068,S2,83.33,83.33,98.25,98.25,1,89.3
S1-00084,S3-00031,S3,71.43,100.0,100.0,100.0,1,100.0
S1-00085,S2-00069,S2,100.0,100.0,98.21,98.21,1,99.29
S1-00086,S2-00070,S2,100.0,100.0,51.06,85.71,1,94.29
S1-00086,S3-00032,S3,71.43,100.0,100.0,100.0,1,100.0
S1-00087,S2-00071,S2,100.0,100.0,70.89,75.56,1,90.22
S1-00087,S3-00033,S3,83.33,100.0,100.0,100.0,1,100.0
S1-00088,S2-00072,S2,100.0,100.0,93.55,93.55,1,97.42
S1-00088,S3-00034,S3,83.33,100.0,53.33,47.46,1,78.98
S1-00089,S2-00073,S2,100.0,100.0,93.75,93.75,1,97.5
S1-00090,S2-00074,S2,100.0,100.0,98.25,98.25,1,99.3
S1-00091,S2-00075,S2,86.67,86.67,52.17,85.71,1,86.29
S1-00092,S2-00076,S2,71.43,71.43,93.94,93.94,1,80.43
S1-00093,S2-00077,S2,83.33,83.33,70.89,75.56,1,80.22
S1-00094,S2-00078,S2,100.0,100.0,53.33,85.71,1,94.29
S1-00094,S3-00035,S3,80.0,100.0,53.33,47.46,1,78.98
S1-00095,S2-00079,S2,100.0,100.0,94.12,94.12,1,97.65
S1-00095,S3-00036,S3,83.33,100.0,53.97,48.39,1,79.35
S1-00096,S3-00037,S3,27.27,27.27,100.0,100.0,1,56.36
S1-00097,S2-00080,S2,100.0,100.0,65.12,75.56,1,90.22
S1-00097,S3-00038,S3,80.0,100.0,100.0,100.0,1,100.0
S1-00098,S2-00081,S2,90.91,90.91,93.94,93.94,1,92.12
S1-00099,S2-00082,S2,100.0,100.0,94.87,94.87,1,97.95
S1-00100,S2-00083,S2,100.0,100.0,98.21,98.21,1,99.29
S1-00101,S2-00084,S2,100.0,100.0,98.28,98.28,1,99.31
S1-00104,S2-00085,S2,100.0,100.0,98.28,98.28,1,99.31
S1-00105,S2-00086,S2,100.0,100.0,65.12,75.56,1,90.22
S1-00105,S3-00039,S3,81.48,100.0,100.0,100.0,1,100.0
S1-00106,S2-00087,S2,87.5,87.5,98.28,98.28,1,91.81
S1-00107,S2-00088,S2,91.3,91.3,98.25,98.25,1,94.08
S1-00108,S2-00089,S2,73.33,73.33,98.25,98.25,1,83.3
S1-00109,S2-00090,S2,100.0,100.0,98.21,98.21,1,99.29
S1-00110,S2-00091,S2,100.0,100.0,52.17,85.71,1,94.29
S1-00111,S2-00092,S2,100.0,100.0,98.28,98.28,1,99.31
S1-00112,S2-00093,S2,91.3,91.3,53.33,85.71,1,89.07
S1-00113,S2-00094,S2,100.0,100.0,98.25,98.25,1,99.3
S1-00114,S2-00095,S2,100.0,100.0,94.87,94.87,1,97.95
S1-00115,S2-00096,S2,100.0,100.0,94.87,94.87,1,97.95
S1-00115,S3-00040,S3,64.71,100.0,100.0,100.0,1,100.0
S1-00116,S2-00097,S2,100.0,100.0,98.25,98.25,1,99.3
S1-00117,S2-00098,S2,100.0,100.0,93.33,93.33,1,97.33
S1-00117,S3-00041,S3,81.48,100.0,54.24,48.28,1,79.31
S1-00118,S2-00099,S2,100.0,100.0,50.0,85.71,1,94.29
S1-00119,S2-00100,S2,86.67,86.67,98.25,98.25,1,91.3
S1-00120,S2-00101,S2,86.67,86.67,98.0,98.0,1,91.2
S1-00121,S2-00102,S2,100.0,100.0,70.13,74.42,1,89.77
S1-00121,S3-00042,S3,81.48,100.0,100.0,100.0,1,100.0
S1-00122,S2-00103,S2,100.0,100.0,50.0,85.71,1,94.29
S1-00123,S2-00104,S2,100.0,100.0,98.21,98.21,1,99.29
S1-00123,S3-00043,S3,81.48,100.0,61.7,77.97,1,91.19
S1-00124,S2-00105,S2,91.3,91.3,94.87,94.87,1,92.73
S1-00126,S2-00106,S2,88.24,88.24,94.87,94.87,1,90.89
S1-00127,S3-00044,S3,53.33,53.33,100.0,100.0,1,72.0
S1-00128,S2-00107,S2,100.0,100.0,98.21,98.21,1,99.29
S1-00128,S3-00045,S3,78.57,100.0,60.87,76.36,1,90.55
S1-00129,S2-00108,S2,84.21,84.21,52.17,85.71,1,84.81
S1-00129,S3-00046,S3,73.33,100.0,52.46,50.0,1,80.0
S1-00130,S2-00109,S2,100.0,100.0,98.28,98.28,1,99.31
S1-00131,S2-00110,S2,87.5,87.5,63.53,74.42,1,82.27
S1-00133,S2-00111,S2,84.21,84.21,98.25,98.25,1,89.82
S1-00133,S3-00047,S3,73.33,100.0,60.22,76.36,1,90.55
S1-00134,S2-00112,S2,100.0,100.0,64.29,74.42,1,89.77
S1-00134,S3-00048,S3,78.57,100.0,100.0,100.0,1,100.0
S1-00135,S2-00113,S2,100.0,100.0,64.29,74.42,1,89.77
S1-00135,S3-00049,S3,73.33,100.0,100.0,100.0,1,100.0
S1-00136,S2-00114,S2,100.0,100.0,98.21,98.21,1,99.29
S1-00137,S3-00050,S3,50.0,50.0,100.0,100.0,1,70.0
S1-00138,S2-00115,S2,100.0,100.0,93.75,93.75,1,97.5
S1-00139,S2-00116,S2,100.0,100.0,98.25,98.25,1,99.3
S1-00140,S2-00117,S2,100.0,100.0,98.28,98.28,1,99.31
S1-00141,S2-00118,S2,86.67,86.67,93.94,93.94,1,89.58
S1-00142,S2-00119,S2,100.0,100.0,65.12,75.56,1,90.22
S1-00142,S3-00051,S3,81.48,100.0,61.05,77.97,1,91.19
S1-00143,S2-00120,S2,100.0,100.0,98.28,98.28,1,99.31
S1-00143,S3-00052,S3,84.62,100.0,59.57,76.36,1,90.55
S1-00145,S2-00121,S2,100.0,100.0,63.53,74.42,1,89.77
S1-00145,S3-00053,S3,81.48,100.0,100.0,100.0,1,100.0
S1-00146,S2-00122,S2,100.0,100.0,93.94,93.94,1,97.58
S1-00147,S2-00123,S2,100.0,100.0,93.75,93.75,1,97.5
S1-00147,S3-00054,S3,84.62,100.0,52.46,50.0,1,80.0
S1-00148,S2-00124,S2,100.0,100.0,93.55,93.55,1,97.42
S1-00148,S3-00055,S3,64.71,100.0,100.0,100.0,1,100.0
S1-00149,S2-00125,S2,100.0,100.0,98.21,98.21,1,99.29
S1-00150,S2-00126,S2,84.21,84.21,98.0,98.0,1,89.73
S1-00151,S3-00056,S3,46.67,46.67,100.0,100.0,1,68.0
S1-00152,S2-00127,S2,100.0,100.0,98.0,98.0,1,99.2
S1-00153,S2-00128,S2,91.3,91.3,50.0,85.71,1,89.07
S1-00154,S2-00129,S2,100.0,100.0,98.25,98.25,1,99.3
S1-00155,S2-00130,S2,100.0,100.0,98.25,98.25,1,99.3
S1-00155,S3-00057,S3,78.57,100.0,60.22,76.36,1,90.55
S1-00156,S2-00131,S2,100.0,100.0,94.87,94.87,1,97.95
S1-00157,S2-00132,S2,73.33,73.33,65.12,75.56,1,74.22
S1-00158,S2-00133,S2,86.67,86.67,94.74,94.74,1,89.89
S1-00158,S3-00058,S3,84.62,100.0,47.76,48.48,1,79.39
S1-00159,S2-00134,S2,100.0,100.0,64.29,74.42,1,89.77
S1-00159,S3-00059,S3,81.48,100.0,100.0,100.0,1,100.0
S1-00160,S2-00135,S2,100.0,100.0,98.25,98.25,1,99.3
S1-00160,S3-00060,S3,81.48,100.0,60.22,76.36,1,90.55
S1-00161,S2-00136,S2,100.0,100.0,93.55,93.55,1,97.42
S1-00161,S3-00061,S3,64.71,100.0,53.33,47.46,1,78.98
S1-00162,S2-00137,S2,100.0,100.0,63.53,74.42,1,89.77
S1-00162,S3-00062,S3,73.33,100.0,100.0,100.0,1,100.0
S1-00163,S2-00138,S2,100.0,100.0,94.87,94.87,1,97.95
S1-00163,S3-00063,S3,73.33,100.0,47.06,47.76,1,79.1
S1-00164,S3-00064,S3,53.33,53.33,100.0,100.0,1,72.0
S1-00165,S2-00139,S2,100.0,100.0,94.87,94.87,1,97.95
S1-00165,S3-00065,S3,81.48,100.0,100.0,100.0,1,100.0
S1-00166,S2-00140,S2,100.0,100.0,65.12,75.56,1,90.22
S1-00167,S2-00141,S2,100.0,100.0,93.94,93.94,1,97.58
S1-00167,S3-00066,S3,78.57,100.0,100.0,100.0,1,100.0
S1-00168,S2-00142,S2,100.0,100.0,98.25,98.25,1,99.3
S1-00169,S2-00143,S2,87.5,87.5,98.21,98.21,1,91.79
S1-00170,S2-00144,S2,100.0,100.0,98.0,98.0,1,99.2
S1-00171,S2-00145,S2,100.0,100.0,98.25,98.25,1,99.3
S1-00172,S2-00146,S2,100.0,100.0,64.29,74.42,1,89.77
S1-00173,S2-00147,S2,100.0,100.0,93.94,93.94,1,97.58
S1-00174,S2-00148,S2,100.0,100.0,98.25,98.25,1,99.3
S1-00175,S2-00149,S2,86.67,86.67,94.12,94.12,1,89.65
S1-00176,S3-00067,S3,43.75,43.75,100.0,100.0,1,66.25
S1-00177,S2-00150,S2,100.0,100.0,98.25,98.25,1,99.3
S1-00177,S3-00068,S3,84.62,100.0,60.22,76.36,1,90.55
S1-00178,S2-00151,S2,87.5,87.5,98.25,98.25,1,91.8
S1-00179,S2-00152,S2,88.24,88.24,98.25,98.25,1,92.24
S1-00180,S2-00153,S2,100.0,100.0,93.94,93.94,1,97.58
S1-00181,S2-00154,S2,100.0,100.0,45.28,85.71,1,94.29
S1-00181,S3-00069,S3,84.62,100.0,47.06,47.76,1,79.1
S1-00182,S2-00155,S2,100.0,100.0,64.37,75.56,1,90.22
S1-00182,S3-00070,S3,84.62,100.0,59.57,76.36,1,90.55
S1-00183,S2-00156,S2,100.0,100.0,70.13,74.42,1,89.77
S1-00184,S2-00157,S2,100.0,100.0,93.75,93.75,1,97.5
S1-00185,S2-00158,S2,100.0,100.0,93.55,93.55,1,97.42
S1-00185,S3-00071,S3,64.71,100.0,100.0,100.0,1,100.0
S1-00186,S2-00159,S2,100.0,100.0,98.28,98.28,1,99.31
S1-00187,S2-00160,S2,87.5,87.5,98.25,98.25,1,91.8
S1-00187,S3-00072,S3,81.48,100.0,100.0,100.0,1,100.0
S1-00188,S3-00073,S3,46.67,46.67,100.0,100.0,1,68.0
S1-00189,S3-00074,S3,53.33,53.33,100.0,100.0,1,72.0
S1-00190,S2-00161,S2,87.5,87.5,94.87,94.87,1,90.45
S1-00191,S3-00075,S3,30.43,30.43,100.0,100.0,1,58.26
S1-00192,S2-00162,S2,87.5,87.5,51.06,85.71,1,86.79
S1-00192,S3-00076,S3,81.48,100.0,100.0,100.0,1,100.0
S1-00193,S2-00163,S2,100.0,100.0,94.12,94.12,1,97.65
S1-00194,S2-00164,S2,100.0,100.0,98.28,98.28,1,99.31
S1-00194,S3-00077,S3,81.48,100.0,59.57,76.36,1,90.55
S1-00195,S2-00165,S2,100.0,100.0,98.28,98.28,1,99.31
S1-00195,S3-00078,S3,84.62,100.0,59.57,76.36,1,90.55
S1-00196,S2-00166,S2,100.0,100.0,45.28,85.71,1,94.29
S1-00196,S3-00079,S3,78.57,100.0,47.06,47.76,1,79.1
S1-00197,S2-00167,S2,100.0,100.0,93.55,93.55,1,97.42
S1-00198,S2-00168,S2,100.0,100.0,98.21,98.21,1,99.29
S1-00198,S3-00080,S3,64.71,100.0,100.0,100.0,1,100.0
S1-00199,S2-00169,S2,100.0,100.0,94.87,94.87,1,97.95
S1-00199,S3-00081,S3,84.62,100.0,47.06,47.76,1,79.1
S1-00200,S2-00170,S2,100.0,100.0,94.12,94.12,1,97.65
S1-00201,S2-00171,S2,100.0,100.0,94.87,94.87,1,97.95
S1-00202,S2-00172,S2,100.0,100.0,98.28,98.28,1,99.31
S1-00202,S3-00082,S3,78.57,100.0,100.0,100.0,1,100.0
S1-00203,S2-00173,S2,84.21,84.21,98.0,98.0,1,89.73
S1-00204,S2-00174,S2,100.0,100.0,98.25,98.25,1,99.3
S1-00204,S3-00083,S3,84.62,100.0,61.7,77.19,1,90.88
S1-00205,S2-00175,S2,100.0,100.0,94.12,94.12,1,97.65
S1-00205,S3-00084,S3,81.48,100.0,100.0,100.0,1,100.0
S1-00206,S2-00176,S2,86.67,86.67,98.0,98.0,1,91.2
S1-00207,S2-00177,S2,100.0,100.0,93.94,93.94,1,97.58
S1-00207,S3-00085,S3,81.48,100.0,100.0,100.0,1,100.0
S1-00208,S3-00086,S3,30.43,30.43,100.0,100.0,1,58.26
S1-00209,S2-00178,S2,100.0,100.0,98.25,98.25,1,99.3
S1-00209,S3-00087,S3,64.71,100.0,61.05,77.97,1,91.19
S1-00210,S2-00179,S2,100.0,100.0,94.12,94.12,1,97.65
S1-00210,S3-00088,S3,64.71,100.0,100.0,100.0,1,100.0
S1-00211,S2-00180,S2,100.0,100.0,94.87,94.87,1,97.95
S1-00211,S3-00089,S3,81.48,100.0,100.0,100.0,1,100.0
S1-00212,S2-00181,S2,100.0,100.0,53.33,85.71,1,94.29
S1-00213,S2-00182,S2,100.0,100.0,65.12,75.56,1,90.22
S1-00214,S2-00183,S2,91.3,91.3,98.0,98.0,1,93.98
S1-00215,S3-00090,S3,43.75,43.75,100.0,100.0,1,66.25
S1-00216,S2-00184,S2,100.0,100.0,45.28,85.71,1,94.29
S1-00217,S2-00185,S2,100.0,100.0,63.53,74.42,1,89.77
S1-00218,S2-00186,S2,100.0,100.0,65.12,75.56,1,90.22
S1-00219,S2-00187,S2,86.67,86.67,64.29,74.42,1,81.77
S1-00220,S2-00188,S2,86.67,86.67,98.25,98.25,1,91.3
S1-00221,S2-00189,S2,100.0,100.0,70.13,74.42,1,89.77
S1-00221,S3-00091,S3,73.33,100.0,100.0,100.0,1,100.0
S1-00222,S2-00190,S2,91.3,91.3,93.55,93.55,1,92.2
S1-00222,S3-00092,S3,64.71,100.0,53.33,47.46,1,78.98
S1-00223,S2-00191,S2,88.24,88.24,52.17,85.71,1,87.23
S1-00223,S3-00093,S3,78.57,100.0,100.0,100.0,1,100.0
S1-00224,S3-00094,S3,60.0,63.64,100.0,100.0,1,78.18
S1-00225,S2-00192,S2,87.5,87.5,64.37,75.56,1,82.72
S1-00226,S2-00193,S2,100.0,100.0,93.33,93.33,1,97.33
S1-00226,S3-00095,S3,73.33,100.0,54.24,48.28,1,79.31
S1-00228,S2-00194,S2,73.33,73.33,94.12,94.12,1,81.65
S1-00229,S2-00195,S2,100.0,100.0,51.06,85.71,1,94.29
S1-00230,S2-00196,S2,84.21,84.21,65.12,75.56,1,80.75
S1-00231,S2-00197,S2,100.0,100.0,64.29,74.42,1,89.77
S1-00231,S3-00096,S3,84.62,100.0,61.7,77.97,1,91.19
S1-00232,S3-00097,S3,30.43,30.43,100.0,100.0,1,58.26
S1-00234,S2-00198,S2,100.0,100.0,51.06,85.71,1,94.29
S1-00235,S2-00199,S2,100.0,100.0,93.55,93.55,1,97.42
S1-00236,S2-00200,S2,84.21,84.21,98.25,98.25,1,89.82
S1-00237,S2-00201,S2,100.0,100.0,98.25,98.25,1,99.3
S1-00237,S3-00098,S3,78.57,100.0,100.0,100.0,1,100.0
S1-00238,S2-00202,S2,100.0,100.0,93.75,93.75,1,97.5
S1-00239,S2-00203,S2,100.0,100.0,98.21,98.21,1,99.29
S1-00240,S2-00204,S2,100.0,100.0,98.21,98.21,1,99.29
S1-00241,S2-00205,S2,84.21,84.21,98.25,98.25,1,89.82
S1-00241,S3-00099,S3,73.33,100.0,61.7,77.19,1,90.88
S1-00242,S2-00206,S2,100.0,100.0,93.75,93.75,1,97.5
S1-00243,S2-00207,S2,100.0,100.0,93.94,93.94,1,97.58
S1-00244,S3-00100,S3,47.37,47.37,100.0,100.0,1,68.42
S1-00245,S2-00208,S2,100.0,100.0,97.96,97.96,1,99.18
S1-00246,S2-00209,S2,100.0,100.0,93.55,93.55,1,97.42
S1-00246,S3-00101,S3,84.62,100.0,100.0,100.0,1,100.0
S1-00248,S2-00210,S2,91.3,91.3,53.33,85.71,1,89.07
S1-00248,S3-00102,S3,64.71,100.0,53.33,47.46,1,78.98
S1-00249,S2-00211,S2,100.0,100.0,98.25,98.25,1,99.3
S1-00249,S3-00103,S3,84.62,100.0,61.7,77.19,1,90.88
S1-00250,S2-00212,S2,100.0,100.0,93.55,93.55,1,97.42
S1-00250,S3-00104,S3,84.62,100.0,100.0,100.0,1,100.0
S1-00251,S2-00213,S2,100.0,100.0,94.87,94.87,1,97.95
S1-00252,S2-00214,S2,100.0,100.0,94.87,94.87,1,97.95
S1-00253,S2-00215,S2,100.0,100.0,63.53,74.42,1,89.77
S1-00254,S2-00216,S2,100.0,100.0,64.29,74.42,1,89.77
S1-00254,S3-00105,S3,78.57,100.0,100.0,100.0,1,100.0
S1-00255,S2-00217,S2,84.21,84.21,93.55,93.55,1,87.95
S1-00256,S2-00218,S2,100.0,100.0,98.28,98.28,1,99.31
S1-00256,S3-00106,S3,73.33,100.0,59.57,76.36,1,90.55
S1-00257,S3-00107,S3,47.37,47.37,100.0,100.0,1,68.42
S1-00258,S2-00219,S2,100.0,100.0,98.25,98.25,1,99.3
S1-00259,S2-00220,S2,100.0,100.0,98.25,98.25,1,99.3
S1-00260,S2-00221,S2,100.0,100.0,65.12,75.56,1,90.22
S1-00261,S2-00222,S2,100.0,100.0,98.25,98.25,1,99.3
S1-00261,S3-00108,S3,84.62,100.0,100.0,100.0,1,100.0
S1-00262,S2-00223,S2,100.0,100.0,98.25,98.25,1,99.3
S1-00263,S2-00224,S2,100.0,100.0,94.74,94.74,1,97.89
S1-00265,S2-00225,S2,100.0,100.0,94.12,94.12,1,97.65
S1-00266,S2-00226,S2,100.0,100.0,98.25,98.25,1,99.3
S1-00266,S3-00109,S3,78.57,100.0,60.22,76.36,1,90.55
S1-00267,S2-00227,S2,100.0,100.0,98.25,98.25,1,99.3
S1-00268,S2-00228,S2,100.0,100.0,94.12,94.12,1,97.65
S1-00269,S2-00229,S2,100.0,100.0,94.87,94.87,1,97.95
S1-00269,S3-00110,S3,64.71,100.0,47.06,47.76,1,79.1
S1-00270,S2-00230,S2,100.0,100.0,93.75,93.75,1,97.5
S1-00271,S2-00231,S2,100.0,100.0,98.28,98.28,1,99.31
S1-00272,S2-00232,S2,100.0,100.0,93.75,93.75,1,97.5
S1-00272,S3-00111,S3,73.33,100.0,100.0,100.0,1,100.0
S1-00273,S2-00233,S2,100.0,100.0,93.55,93.55,1,97.42
S1-00274,S2-00234,S2,100.0,100.0,93.94,93.94,1,97.58
S1-00275,S2-00235,S2,88.24,88.24,97.96,97.96,1,92.12
S1-00275,S3-00112,S3,78.57,100.0,100.0,100.0,1,100.0
S1-00276,S2-00236,S2,100.0,100.0,97.96,97.96,1,99.18
S1-00276,S3-00113,S3,81.48,100.0,100.0,100.0,1,100.0
S1-00277,S2-00237,S2,100.0,100.0,53.33,85.71,1,94.29
S1-00277,S3-00114,S3,81.48,100.0,53.33,47.46,1,78.98
S1-00278,S2-00238,S2,100.0,100.0,65.12,75.56,1,90.22
S1-00278,S3-00115,S3,81.48,100.0,61.05,77.97,1,91.19
S1-00279,S3-00116,S3,60.0,63.64,100.0,100.0,1,78.18
S1-00280,S2-00239,S2,91.3,91.3,98.25,98.25,1,94.08
S1-00281,S2-00240,S2,100.0,100.0,98.0,98.0,1,99.2
S1-00282,S2-00241,S2,100.0,100.0,94.87,94.87,1,97.95
S1-00282,S3-00117,S3,64.71,100.0,100.0,100.0,1,100.0
S1-00283,S2-00242,S2,88.24,88.24,94.87,94.87,1,90.89
S1-00283,S3-00118,S3,78.57,100.0,47.06,47.76,1,79.1
S1-00284,S2-00243,S2,100.0,100.0,98.28,98.28,1,99.31
S1-00285,S2-00244,S2,100.0,100.0,93.75,93.75,1,97.5
S1-00286,S2-00245,S2,73.33,73.33,98.18,98.18,1,83.27
S1-00286,S3-00119,S3,84.62,100.0,100.0,100.0,1,100.0
S1-00287,S2-00246,S2,100.0,100.0,94.12,94.12,1,97.65
S1-00288,S2-00247,S2,100.0,100.0,69.33,73.17,1,89.27
S1-00289,S2-00248,S2,100.0,100.0,94.12,94.12,1,97.65
S1-00290,S2-00249,S2,100.0,100.0,51.06,85.71,1,94.29
S1-00291,S2-00250,S2,87.5,87.5,98.28,98.28,1,91.81
S1-00291,S3-00120,S3,81.48,100.0,59.57,76.36,1,90.55
S1-00292,S2-00251,S2,100.0,100.0,50.0,85.71,1,94.29
S1-00292,S3-00121,S3,84.62,100.0,100.0,100.0,1,100.0
S1-00295,S2-00252,S2,84.21,84.21,98.25,98.25,1,89.82
S1-00296,S2-00253,S2,100.0,100.0,94.12,94.12,1,97.65
S1-00297,S2-00254,S2,100.0,100.0,93.94,93.94,1,97.58
S1-00298,S2-00255,S2,100.0,100.0,50.0,85.71,1,94.29
S1-00298,S3-00122,S3,81.48,100.0,100.0,100.0,1,100.0
S1-00299,S2-00256,S2,100.0,100.0,98.21,98.21,1,99.29
S1-00299,S3-00123,S3,78.57,100.0,60.87,76.36,1,90.55
S1-00300,S2-00257,S2,100.0,100.0,93.94,93.94,1,97.58
S1-00301,S2-00258,S2,100.0,100.0,53.33,85.71,1,94.29
S1-00301,S3-00124,S3,81.48,100.0,100.0,100.0,1,100.0
S1-00302,S2-00259,S2,100.0,100.0,94.12,94.12,1,97.65
S1-00303,S2-00260,S2,100.0,100.0,94.87,94.87,1,97.95
S1-00305,S2-00261,S2,100.0,100.0,97.96,97.96,1,99.18
S1-00305,S3-00125,S3,81.48,100.0,100.0,100.0,1,100.0
S1-00306,S2-00262,S2,91.3,91.3,94.12,94.12,1,92.43
S1-00307,S2-00263,S2,100.0,100.0,93.75,93.75,1,97.5
S1-00308,S2-00264,S2,100.0,100.0,98.28,98.28,1,99.31
S1-00308,S3-00126,S3,64.71,100.0,100.0,100.0,1,100.0
S1-00309,S2-00265,S2,100.0,100.0,97.96,97.96,1,99.18
S1-00310,S2-00266,S2,100.0,100.0,98.25,98.25,1,99.3
S1-00311,S3-00127,S3,43.75,43.75,100.0,100.0,1,66.25
S1-00312,S2-00267,S2,100.0,100.0,98.28,98.28,1,99.31
S1-00313,S2-00268,S2,100.0,100.0,93.75,93.75,1,97.5
S1-00313,S3-00128,S3,73.33,100.0,52.46,50.0,1,80.0
S1-00315,S2-00269,S2,100.0,100.0,45.28,85.71,1,94.29
S1-00315,S3-00129,S3,84.62,100.0,47.06,47.76,1,79.1
S1-00316,S3-00130,S3,60.0,63.64,100.0,100.0,1,78.18
S1-00317,S2-00270,S2,100.0,100.0,98.25,98.25,1,99.3
S1-00318,S2-00271,S2,100.0,100.0,98.28,98.28,1,99.31
S1-00318,S3-00131,S3,64.71,100.0,59.57,76.36,1,90.55
S1-00319,S2-00272,S2,100.0,100.0,53.33,85.71,1,94.29
S1-00319,S3-00132,S3,73.33,100.0,100.0,100.0,1,100.0
S1-00320,S2-00273,S2,100.0,100.0,94.87,94.87,1,97.95
S1-00320,S3-00133,S3,64.71,100.0,100.0,100.0,1,100.0
S1-00321,S2-00274,S2,100.0,100.0,98.28,98.28,1,99.31
S1-00322,S2-00275,S2,100.0,100.0,98.28,98.28,1,99.31
S1-00323,S2-00276,S2,100.0,100.0,93.33,93.33,1,97.33
S1-00324,S2-00277,S2,100.0,100.0,52.17,85.71,1,94.29
S1-00324,S3-00134,S3,84.62,100.0,52.46,50.0,1,80.0
S1-00325,S2-00278,S2,100.0,100.0,93.75,93.75,1,97.5
S1-00326,S2-00279,S2,100.0,100.0,93.94,93.94,1,97.58
S1-00327,S2-00280,S2,84.21,84.21,65.12,75.56,1,80.75
S1-00327,S3-00135,S3,73.33,100.0,100.0,100.0,1,100.0
S1-00328,S2-00281,S2,100.0,100.0,70.89,75.56,1,90.22
S1-00329,S2-00282,S2,87.5,87.5,98.21,98.21,1,91.79
S1-00330,S2-00283,S2,100.0,100.0,94.12,94.12,1,97.65
S1-00331,S2-00284,S2,91.3,91.3,53.33,85.71,1,89.07
S1-00332,S2-00285,S2,100.0,100.0,93.75,93.75,1,97.5
S1-00333,S2-00286,S2,100.0,100.0,93.94,93.94,1,97.58
S1-00334,S3-00136,S3,30.43,30.43,100.0,100.0,1,58.26
S1-00335,S2-00287,S2,100.0,100.0,98.21,98.21,1,99.29
S1-00336,S2-00288,S2,100.0,100.0,98.25,98.25,1,99.3
S1-00337,S2-00289,S2,100.0,100.0,93.75,93.75,1,97.5
S1-00338,S2-00290,S2,100.0,100.0,94.87,94.87,1,97.95
S1-00339,S3-00137,S3,41.18,41.18,100.0,100.0,1,64.71
S1-00340,S2-00291,S2,86.67,86.67,98.25,98.25,1,91.3
S1-00341,S2-00292,S2,100.0,100.0,93.55,93.55,1,97.42
S1-00341,S3-00138,S3,73.33,100.0,53.33,47.46,1,78.98
S1-00342,S2-00293,S2,86.67,86.67,93.55,93.55,1,89.42
S1-00343,S2-00294,S2,100.0,100.0,98.25,98.25,1,99.3
S1-00344,S2-00295,S2,86.67,86.67,94.87,94.87,1,89.95
S1-00345,S2-00296,S2,100.0,100.0,63.53,74.42,1,89.77
S1-00346,S2-00297,S2,100.0,100.0,50.0,85.71,1,94.29
S1-00347,S2-00298,S2,100.0,100.0,94.12,94.12,1,97.65
S1-00347,S3-00139,S3,73.33,100.0,100.0,100.0,1,100.0
S1-00348,S2-00299,S2,86.67,86.67,93.55,93.55,1,89.42
S1-00348,S3-00140,S3,84.62,100.0,100.0,100.0,1,100.0
S1-00349,S2-00300,S2,73.33,73.33,98.28,98.28,1,83.31
S1-00350,S2-00301,S2,86.67,86.67,93.55,93.55,1,89.42
S1-00351,S2-00302,S2,87.5,87.5,93.75,93.75,1,90.0
S1-00352,S2-00303,S2,100.0,100.0,70.89,75.56,1,90.22
S1-00352,S3-00141,S3,81.48,100.0,56.1,72.34,1,88.94
S1-00353,S2-00304,S2,88.24,88.24,64.37,75.56,1,83.16
S1-00353,S3-00142,S3,78.57,100.0,59.57,76.36,1,90.55
S1-00354,S3-00143,S3,47.37,47.37,100.0,100.0,1,68.42
S1-00355,S2-00305,S2,100.0,100.0,97.96,97.96,1,99.18
S1-00355,S3-00144,S3,84.62,100.0,100.0,100.0,1,100.0
S1-00357,S2-00306,S2,100.0,100.0,94.87,94.87,1,97.95
S1-00358,S2-00307,S2,100.0,100.0,94.12,94.12,1,97.65
S1-00359,S2-00308,S2,100.0,100.0,93.55,93.55,1,97.42
S1-00359,S3-00145,S3,78.57,100.0,100.0,100.0,1,100.0
S1-00360,S2-00309,S2,100.0,100.0,98.25,98.25,1,99.3
S1-00361,S3-00146,S3,47.37,47.37,100.0,100.0,1,68.42
S1-00362,S2-00310,S2,88.24,88.24,94.12,94.12,1,90.59
S1-00363,S2-00311,S2,100.0,100.0,93.55,93.55,1,97.42
S1-00364,S2-00312,S2,100.0,100.0,98.25,98.25,1,99.3
S1-00364,S3-00147,S3,81.48,100.0,60.22,76.36,1,90.55
S1-00365,S2-00313,S2,100.0,100.0,94.87,94.87,1,97.95
S1-00365,S3-00148,S3,78.57,100.0,100.0,100.0,1,100.0
S1-00366,S2-00314,S2,91.3,91.3,51.06,85.71,1,89.07
S1-00367,S2-00315,S2,100.0,100.0,63.41,73.17,1,89.27
S1-00368,S2-00316,S2,100.0,100.0,93.55,93.55,1,97.42
S1-00369,S2-00317,S2,100.0,100.0,45.28,85.71,1,94.29
S1-00370,S3-00149,S3,46.67,46.67,100.0,100.0,1,68.0
S1-00371,S2-00318,S2,100.0,100.0,94.87,94.87,1,97.95
S1-00371,S3-00150,S3,73.33,100.0,47.06,47.76,1,79.1
S1-00372,S2-00319,S2,100.0,100.0,97.96,97.96,1,99.18
S1-00372,S3-00151,S3,84.62,100.0,56.79,72.34,1,88.94
S1-00373,S3-00152,S3,46.67,46.67,100.0,100.0,1,68.0
S1-00374,S2-00320,S2,100.0,100.0,98.21,98.21,1,99.29
S1-00374,S3-00153,S3,84.62,100.0,100.0,100.0,1,100.0
S1-00375,S3-00154,S3,41.18,41.18,100.0,100.0,1,64.71
S1-00376,S2-00321,S2,100.0,100.0,93.75,93.75,1,97.5
S1-00377,S2-00322,S2,87.5,87.5,97.96,97.96,1,91.68
S1-00377,S3-00155,S3,81.48,100.0,100.0,100.0,1,100.0
S1-00378,S2-00323,S2,88.24,88.24,98.25,98.25,1,92.24
S1-00378,S3-00156,S3,78.57,100.0,60.22,76.36,1,90.55
S1-00379,S2-00324,S2,100.0,100.0,93.75,93.75,1,97.5
S1-00380,S3-00157,S3,47.37,47.37,100.0,100.0,1,68.42
S1-00381,S2-00325,S2,100.0,100.0,64.29,74.42,1,89.77
S1-00382,S2-00326,S2,88.24,88.24,98.21,98.21,1,92.23
S1-00382,S3-00158,S3,78.57,100.0,100.0,100.0,1,100.0
S1-00383,S2-00327,S2,100.0,100.0,50.0,85.71,1,94.29
S1-00383,S3-00159,S3,84.62,100.0,53.97,48.39,1,79.35
S1-00384,S2-00328,S2,100.0,100.0,53.33,85.71,1,94.29
S1-00385,S2-00329,S2,100.0,100.0,98.25,98.25,1,99.3
S1-00385,S3-00160,S3,81.48,100.0,60.22,76.36,1,90.55
S1-00386,S2-00330,S2,100.0,100.0,98.28,98.28,1,99.31
S1-00387,S2-00331,S2,100.0,100.0,53.33,85.71,1,94.29
S1-00388,S2-00332,S2,100.0,100.0,45.28,85.71,1,94.29
S1-00388,S3-00161,S3,84.62,100.0,100.0,100.0,1,100.0
S1-00390,S2-00333,S2,100.0,100.0,45.28,85.71,1,94.29
S1-00390,S3-00162,S3,64.71,100.0,100.0,100.0,1,100.0
S1-00391,S2-00334,S2,100.0,100.0,98.28,98.28,1,99.31
S1-00392,S2-00335,S2,100.0,100.0,45.28,85.71,1,94.29
S1-00393,S2-00336,S2,100.0,100.0,94.87,94.87,1,97.95
S1-00394,S2-00337,S2,100.0,100.0,64.37,75.56,1,90.22
S1-00395,S2-00338,S2,91.3,91.3,64.29,74.42,1,84.55
S1-00396,S3-00163,S3,30.43,30.43,100.0,100.0,1,58.26
S1-00397,S2-00339,S2,100.0,100.0,94.74,94.74,1,97.89
S1-00398,S2-00340,S2,100.0,100.0,98.25,98.25,1,99.3
S1-00398,S3-00164,S3,84.62,100.0,100.0,100.0,1,100.0
S1-00399,S2-00341,S2,100.0,100.0,98.0,98.0,1,99.2
S1-00400,S2-00342,S2,86.67,86.67,98.25,98.25,1,91.3
S1-00403,S2-00343,S2,87.5,87.5,93.55,93.55,1,89.92
S1-00403,S3-00165,S3,81.48,100.0,53.33,47.46,1,78.98
S1-00404,S2-00344,S2,86.67,86.67,69.33,73.17,1,81.27
S1-00404,S3-00166,S3,84.62,100.0,100.0,100.0,1,100.0
S1-00406,S2-00345,S2,100.0,100.0,94.87,94.87,1,97.95
S1-00407,S2-00346,S2,100.0,100.0,65.12,75.56,1,90.22
S1-00407,S3-00167,S3,84.62,100.0,61.05,77.97,1,91.19
S1-00408,S2-00347,S2,100.0,100.0,93.55,93.55,1,97.42
S1-00408,S3-00168,S3,81.48,100.0,53.33,47.46,1,78.98
S1-00409,S3-00169,S3,30.43,30.43,100.0,100.0,1,58.26
S1-00410,S2-00348,S2,100.0,100.0,98.25,98.25,1,99.3
S1-00411,S2-00349,S2,84.21,84.21,98.25,98.25,1,89.82
S1-00412,S2-00350,S2,100.0,100.0,94.12,94.12,1,97.65
S1-00413,S3-00170,S3,46.67,46.67,100.0,100.0,1,68.0
S1-00414,S3-00171,S3,41.18,41.18,100.0,100.0,1,64.71
S1-00415,S3-00172,S3,41.18,41.18,100.0,100.0,1,64.71
S1-00416,S2-00351,S2,100.0,100.0,93.55,93.55,1,97.42
S1-00416,S3-00173,S3,73.33,100.0,53.33,47.46,1,78.98
S1-00419,S2-00352,S2,100.0,100.0,97.96,97.96,1,99.18
S1-00420,S2-00353,S2,100.0,100.0,64.37,75.56,1,90.22
S1-00420,S3-00174,S3,81.48,100.0,100.0,100.0,1,100.0
S1-00422,S3-00175,S3,47.37,47.37,100.0,100.0,1,68.42
S1-00424,S2-00354,S2,100.0,100.0,98.25,98.25,1,99.3
S1-00424,S3-00176,S3,84.62,100.0,61.7,77.19,1,90.88
S1-00425,S2-00355,S2,100.0,100.0,98.28,98.28,1,99.31
S1-00426,S2-00356,S2,100.0,100.0,70.89,75.56,1,90.22
S1-00426,S3-00177,S3,73.33,100.0,100.0,100.0,1,100.0
S1-00427,S3-00178,S3,41.18,41.18,100.0,100.0,1,64.71
S1-00428,S2-00357,S2,100.0,100.0,94.87,94.87,1,97.95
S1-00428,S3-00179,S3,64.71,100.0,100.0,100.0,1,100.0
S1-00429,S2-00358,S2,100.0,100.0,98.21,98.21,1,99.29
S1-00429,S3-00180,S3,81.48,100.0,61.7,77.97,1,91.19
S1-00430,S2-00359,S2,100.0,100.0,98.25,98.25,1,99.3
S1-00431,S2-00360,S2,100.0,100.0,98.21,98.21,1,99.29
S1-00432,S3-00181,S3,60.0,63.64,100.0,100.0,1,78.18
S1-00434,S2-00361,S2,91.3,91.3,51.06,85.71,1,89.07
S1-00435,S2-00362,S2,100.0,100.0,98.0,98.0,1,99.2
S1-00435,S3-00182,S3,81.48,100.0,56.1,72.34,1,88.94
S1-00436,S2-00363,S2,100.0,100.0,93.33,93.33,1,97.33
S1-00437,S2-00364,S2,86.67,86.67,98.28,98.28,1,91.31
S1-00438,S2-00365,S2,87.5,87.5,93.75,93.75,1,90.0
S1-00439,S3-00183,S3,47.37,47.37,100.0,100.0,1,68.42
S1-00440,S2-00366,S2,84.21,84.21,93.94,93.94,1,88.1
S1-00441,S2-00367,S2,84.21,84.21,98.28,98.28,1,89.84
S1-00442,S2-00368,S2,100.0,100.0,98.25,98.25,1,99.3
S1-00443,S2-00369,S2,88.24,88.24,98.28,98.28,1,92.25
S1-00443,S3-00184,S3,78.57,100.0,59.57,76.36,1,90.55
S1-00444,S2-00370,S2,100.0,100.0,93.94,93.94,1,97.58
S1-00445,S2-00371,S2,91.3,91.3,98.28,98.28,1,94.09
S1-00446,S2-00372,S2,100.0,100.0,93.75,93.75,1,97.5
S1-00447,S2-00373,S2,100.0,100.0,98.21,98.21,1,99.29
S1-00448,S2-00374,S2,100.0,100.0,93.55,93.55,1,97.42
S1-00449,S3-00185,S3,46.67,46.67,100.0,100.0,1,68.0
S1-00450,S3-00186,S3,60.0,63.64,100.0,100.0,1,78.18
S1-00451,S3-00187,S3,30.43,30.43,100.0,100.0,1,58.26
S1-00452,S2-00375,S2,86.67,86.67,52.17,85.71,1,86.29
S1-00453,S2-00376,S2,100.0,100.0,93.55,93.55,1,97.42
S1-00454,S2-00377,S2,100.0,100.0,50.0,85.71,1,94.29
S1-00454,S3-00188,S3,84.62,100.0,53.97,48.39,1,79.35
S1-00455,S2-00378,S2,100.0,100.0,52.17,85.71,1,94.29
S1-00456,S2-00379,S2,87.5,87.5,98.25,98.25,1,91.8
S1-00457,S2-00380,S2,87.5,87.5,94.87,94.87,1,90.45
S1-00458,S2-00381,S2,86.67,86.67,93.75,93.75,1,89.5
S1-00458,S3-00189,S3,84.62,100.0,52.46,50.0,1,80.0
S1-00459,S2-00382,S2,88.24,88.24,98.28,98.28,1,92.25
S1-00460,S2-00383,S2,100.0,100.0,64.37,75.56,1,90.22
S1-00460,S3-00190,S3,84.62,100.0,59.57,76.36,1,90.55
S1-00461,S2-00384,S2,100.0,100.0,45.28,85.71,1,94.29
S1-00462,S2-00385,S2,100.0,100.0,93.94,93.94,1,97.58
S1-00463,S2-00386,S2,86.67,86.67,98.28,98.28,1,91.31
S1-00464,S2-00387,S2,100.0,100.0,98.25,98.25,1,99.3
S1-00465,S2-00388,S2,100.0,100.0,64.37,75.56,1,90.22
S1-00465,S3-00191,S3,81.48,100.0,100.0,100.0,1,100.0
S1-00466,S2-00389,S2,100.0,100.0,98.28,98.28,1,99.31
S1-00467,S2-00390,S2,100.0,100.0,53.33,85.71,1,94.29
S1-00469,S2-00391,S2,100.0,100.0,94.87,94.87,1,97.95
S1-00469,S3-00192,S3,81.48,100.0,100.0,100.0,1,100.0
S1-00470,S2-00392,S2,100.0,100.0,98.21,98.21,1,99.29
S1-00471,S2-00393,S2,100.0,100.0,93.94,93.94,1,97.58
S1-00471,S3-00193,S3,64.71,100.0,51.61,49.18,1,79.67
S1-00472,S2-00394,S2,100.0,100.0,70.89,75.56,1,90.22
S1-00472,S3-00194,S3,81.48,100.0,100.0,100.0,1,100.0
S1-00473,S2-00395,S2,100.0,100.0,64.37,75.56,1,90.22
S1-00474,S2-00396,S2,100.0,100.0,93.55,93.55,1,97.42
S1-00474,S3-00195,S3,84.62,100.0,53.33,47.46,1,78.98
S1-00475,S2-00397,S2,100.0,100.0,53.33,85.71,1,94.29
S1-00476,S2-00398,S2,86.67,86.67,93.94,93.94,1,89.58
S1-00477,S2-00399,S2,100.0,100.0,93.55,93.55,1,97.42
S1-00477,S3-00196,S3,64.71,100.0,100.0,100.0,1,100.0
S1-00479,S2-00400,S2,86.67,86.67,70.13,74.42,1,81.77
S1-00480,S2-00401,S2,91.3,91.3,98.28,98.28,1,94.09
S1-00480,S3-00197,S3,64.71,100.0,100.0,100.0,1,100.0
S1-00481,S2-00402,S2,84.21,84.21,98.25,98.25,1,89.82
S1-00482,S2-00403,S2,88.24,88.24,98.25,98.25,1,92.24
S1-00483,S2-00404,S2,86.67,86.67,94.87,94.87,1,89.95
S1-00484,S3-00198,S3,30.43,30.43,100.0,100.0,1,58.26
S1-00485,S2-00405,S2,100.0,100.0,93.94,93.94,1,97.58
S1-00486,S2-00406,S2,100.0,100.0,93.75,93.75,1,97.5
S1-00488,S2-00407,S2,100.0,100.0,93.75,93.75,1,97.5
S1-00489,S2-00408,S2,86.67,86.67,98.25,98.25,1,91.3
S1-00490,S2-00409,S2,100.0,100.0,98.25,98.25,1,99.3
S1-00491,S3-00199,S3,41.18,41.18,100.0,100.0,1,64.71
S1-00492,S2-00410,S2,100.0,100.0,50.0,85.71,1,94.29
S1-00493,S2-00411,S2,100.0,100.0,45.28,85.71,1,94.29
S1-00495,S2-00412,S2,100.0,100.0,98.25,98.25,1,99.3
S1-00496,S2-00413,S2,86.67,86.67,98.21,98.21,1,91.29
S1-00497,S2-00414,S2,100.0,100.0,64.37,75.56,1,90.22
S1-00498,S2-00415,S2,91.3,91.3,93.75,93.75,1,92.28
S1-00499,S2-00416,S2,84.21,84.21,93.75,93.75,1,88.03
S1-00500,S2-00417,S2,100.0,100.0,94.87,94.87,1,97.95
S1-00501,S2-00418,S2,100.0,100.0,94.12,94.12,1,97.65
S1-00502,S2-00419,S2,88.24,88.24,94.12,94.12,1,90.59
S1-00503,S2-00420,S2,100.0,100.0,48.89,84.21,1,93.68
S1-00504,S3-00200,S3,46.67,46.67,100.0,100.0,1,68.0
S1-00505,S2-00421,S2,87.5,87.5,97.96,97.96,1,91.68
S1-00506,S2-00422,S2,100.0,100.0,93.33,93.33,1,97.33
S1-00506,S3-00201,S3,64.71,100.0,100.0,100.0,1,100.0
S1-00507,S2-00423,S2,100.0,100.0,98.25,98.25,1,99.3
S1-00508,S2-00424,S2,100.0,100.0,50.0,85.71,1,94.29
S1-00508,S3-00202,S3,78.57,100.0,100.0,100.0,1,100.0
S1-00509,S3-00203,S3,50.0,50.0,100.0,100.0,1,70.0
S1-00510,S2-00425,S2,100.0,100.0,93.55,93.55,1,97.42
S1-00511,S3-00204,S3,60.0,63.64,100.0,100.0,1,78.18
S1-00512,S2-00426,S2,100.0,100.0,98.21,98.21,1,99.29
S1-00513,S2-00427,S2,100.0,100.0,93.94,93.94,1,97.58
S1-00515,S3-00205,S3,53.33,53.33,100.0,100.0,1,72.0
S1-00516,S3-00206,S3,41.18,41.18,100.0,100.0,1,64.71
S1-00518,S2-00428,S2,87.5,87.5,93.75,93.75,1,90.0
S1-00519,S2-00429,S2,91.3,91.3,64.29,74.42,1,84.55
S1-00520,S2-00430,S2,86.67,86.67,45.28,85.71,1,86.29
S1-00520,S3-00207,S3,84.62,100.0,100.0,100.0,1,100.0
S1-00521,S2-00431,S2,86.67,86.67,93.94,93.94,1,89.58
S1-00522,S2-00432,S2,87.5,87.5,98.25,98.25,1,91.8
S1-00523,S2-00433,S2,100.0,100.0,98.28,98.28,1,99.31
S1-00524,S3-00208,S3,50.0,50.0,100.0,100.0,1,70.0
S1-00525,S2-00434,S2,100.0,100.0,98.21,98.21,1,99.29
S1-00526,S2-00435,S2,100.0,100.0,98.28,98.28,1,99.31
S1-00527,S2-00436,S2,88.24,88.24,93.75,93.75,1,90.44
S1-00528,S2-00437,S2,73.33,73.33,52.17,85.71,1,78.29
S1-00529,S2-00438,S2,100.0,100.0,70.13,74.42,1,89.77
S1-00529,S3-00209,S3,81.48,100.0,100.0,100.0,1,100.0
S1-00531,S2-00439,S2,86.67,86.67,94.12,94.12,1,89.65
S1-00532,S2-00440,S2,100.0,100.0,70.13,74.42,1,89.77
S1-00532,S3-00210,S3,78.57,100.0,56.79,72.34,1,88.94
S1-00533,S2-00441,S2,100.0,100.0,94.87,94.87,1,97.95
S1-00534,S2-00442,S2,87.5,87.5,52.17,85.71,1,86.79
S1-00534,S3-00211,S3,81.48,100.0,52.46,50.0,1,80.0
S1-00535,S2-00443,S2,100.0,100.0,97.96,97.96,1,99.18
S1-00535,S3-00212,S3,84.62,100.0,100.0,100.0,1,100.0
S1-00536,S2-00444,S2,100.0,100.0,64.29,74.42,1,89.77
S1-00537,S2-00445,S2,87.5,87.5,98.25,98.25,1,91.8
S1-00538,S2-00446,S2,100.0,100.0,98.25,98.25,1,99.3
S1-00539,S2-00447,S2,100.0,100.0,51.06,85.71,1,94.29
S1-00540,S2-00448,S2,86.67,86.67,93.55,93.55,1,89.42
S1-00540,S3-00213,S3,84.62,100.0,100.0,100.0,1,100.0
S1-00541,S2-00449,S2,100.0,100.0,98.25,98.25,1,99.3
S1-00541,S3-00214,S3,78.57,100.0,61.05,77.97,1,91.19
S1-00542,S2-00450,S2,100.0,100.0,98.28,98.28,1,99.31
S1-00542,S3-00215,S3,81.48,100.0,59.57,76.36,1,90.55
S1-00543,S2-00451,S2,88.24,88.24,98.25,98.25,1,92.24
S1-00543,S3-00216,S3,78.57,100.0,61.7,77.19,1,90.88
S1-00544,S2-00452,S2,100.0,100.0,98.28,98.28,1,99.31
S1-00545,S3-00217,S3,47.37,47.37,100.0,100.0,1,68.42
S1-00546,S2-00453,S2,100.0,100.0,63.53,74.42,1,89.77
S1-00547,S2-00454,S2,100.0,100.0,65.12,75.56,1,90.22
S1-00548,S2-00455,S2,100.0,100.0,98.25,98.25,1,99.3
S1-00549,S2-00456,S2,100.0,100.0,93.75,93.75,1,97.5
S1-00550,S2-00457,S2,88.24,88.24,98.25,98.25,1,92.24
S1-00551,S2-00458,S2,100.0,100.0,45.28,85.71,1,94.29
S1-00552,S3-00218,S3,50.0,50.0,100.0,100.0,1,70.0
S1-00553,S2-00459,S2,100.0,100.0,94.87,94.87,1,97.95
S1-00556,S2-00460,S2,100.0,100.0,98.28,98.28,1,99.31
S1-00558,S2-00461,S2,88.24,88.24,93.55,93.55,1,90.36
S1-00559,S2-00462,S2,100.0,100.0,98.25,98.25,1,99.3
S1-00560,S2-00463,S2,87.5,87.5,53.33,85.71,1,86.79
S1-00561,S2-00464,S2,100.0,100.0,98.25,98.25,1,99.3
S1-00563,S2-00465,S2,100.0,100.0,94.12,94.12,1,97.65
S1-00563,S3-00219,S3,73.33,100.0,100.0,100.0,1,100.0
S1-00564,S2-00466,S2,100.0,100.0,98.25,98.25,1,99.3
S1-00564,S3-00220,S3,84.62,100.0,60.22,76.36,1,90.55
S1-00565,S3-00221,S3,53.33,53.33,100.0,100.0,1,72.0
S1-00566,S2-00467,S2,100.0,100.0,98.0,98.0,1,99.2
S1-00566,S3-00222,S3,84.62,100.0,100.0,100.0,1,100.0
S1-00567,S2-00468,S2,86.67,86.67,93.75,93.75,1,89.5
S1-00568,S2-00469,S2,100.0,100.0,93.55,93.55,1,97.42
S1-00569,S3-00223,S3,30.43,30.43,100.0,100.0,1,58.26
S1-00570,S2-00470,S2,100.0,100.0,94.12,94.12,1,97.65
S1-00571,S2-00471,S2,100.0,100.0,93.55,93.55,1,97.42
S1-00571,S3-00224,S3,81.48,100.0,100.0,100.0,1,100.0
S1-00572,S3-00225,S3,53.33,53.33,100.0,100.0,1,72.0
S1-00573,S2-00472,S2,100.0,100.0,53.33,85.71,1,94.29
S1-00574,S2-00473,S2,88.24,88.24,94.87,94.87,1,90.89
S1-00574,S3-00226,S3,78.57,100.0,100.0,100.0,1,100.0
S1-00575,S3-00227,S3,46.67,46.67,100.0,100.0,1,68.0
S1-00576,S2-00474,S2,100.0,100.0,97.92,97.92,1,99.17
S1-00577,S2-00475,S2,100.0,100.0,70.13,74.42,1,89.77
S1-00577,S3-00228,S3,84.62,100.0,100.0,100.0,1,100.0
S1-00578,S2-00476,S2,100.0,100.0,93.55,93.55,1,97.42
S1-00579,S2-00477,S2,100.0,100.0,98.21,98.21,1,99.29
S1-00580,S2-00478,S2,100.0,100.0,98.25,98.25,1,99.3
S1-00582,S2-00479,S2,100.0,100.0,65.12,75.56,1,90.22
S1-00582,S3-00229,S3,78.57,100.0,100.0,100.0,1,100.0
S1-00583,S2-00480,S2,100.0,100.0,98.25,98.25,1,99.3
S1-00584,S2-00481,S2,91.3,91.3,97.96,97.96,1,93.97
S1-00585,S2-00482,S2,87.5,87.5,98.21,98.21,1,91.79
S1-00586,S2-00483,S2,100.0,100.0,51.06,85.71,1,94.29
S1-00587,S2-00484,S2,86.67,86.67,93.75,93.75,1,89.5
S1-00587,S3-00230,S3,84.62,100.0,100.0,100.0,1,100.0
S1-00589,S2-00485,S2,100.0,100.0,93.75,93.75,1,97.5
S1-00590,S2-00486,S2,100.0,100.0,98.28,98.28,1,99.31
S1-00591,S2-00487,S2,100.0,100.0,45.45,82.35,1,92.94
S1-00591,S3-00231,S3,73.33,100.0,55.74,50.0,1,80.0
S1-00592,S2-00488,S2,100.0,100.0,70.13,74.42,1,89.77
S1-00592,S3-00232,S3,64.71,100.0,100.0,100.0,1,100.0
S1-00593,S2-00489,S2,88.24,88.24,93.94,93.94,1,90.52
S1-00594,S2-00490,S2,100.0,100.0,94.12,94.12,1,97.65
S1-00595,S2-00491,S2,100.0,100.0,98.28,98.28,1,99.31
S1-00596,S2-00492,S2,84.21,84.21,94.12,94.12,1,88.17
S1-00596,S3-00233,S3,73.33,100.0,100.0,100.0,1,100.0
S1-00597,S2-00493,S2,73.33,73.33,93.75,93.75,1,81.5
S1-00597,S3-00234,S3,84.62,100.0,100.0,100.0,1,100.0
S1-00598,S2-00494,S2,100.0,100.0,94.87,94.87,1,97.95
S1-00599,S3-00235,S3,53.33,53.33,100.0,100.0,1,72.0
S1-00600,S2-00495,S2,100.0,100.0,65.12,75.56,1,90.22
S1-00601,S2-00496,S2,100.0,100.0,53.33,85.71,1,94.29
S1-00602,S2-00497,S2,100.0,100.0,93.55,93.55,1,97.42
S1-00603,S2-00498,S2,87.5,87.5,94.87,94.87,1,90.45
S1-00604,S2-00499,S2,87.5,87.5,52.17,85.71,1,86.79
S1-00604,S3-00236,S3,81.48,100.0,52.46,50.0,1,80.0
S1-00605,S2-00500,S2,73.33,73.33,93.94,93.94,1,81.58
S1-00605,S3-00237,S3,84.62,100.0,100.0,100.0,1,100.0
S1-00606,S2-00501,S2,86.67,86.67,98.25,98.25,1,91.3
S1-00606,S3-00238,S3,84.62,100.0,100.0,100.0,1,100.0
S1-00607,S2-00502,S2,100.0,100.0,93.55,93.55,1,97.42
S1-00607,S3-00239,S3,84.62,100.0,100.0,100.0,1,100.0
S1-00608,S2-00503,S2,100.0,100.0,98.25,98.25,1,99.3
S1-00608,S3-00240,S3,73.33,100.0,100.0,100.0,1,100.0
S1-00609,S2-00504,S2,87.5,87.5,64.37,75.56,1,82.72
S1-00610,S2-00505,S2,100.0,100.0,93.55,93.55,1,97.42
S1-00610,S3-00241,S3,78.57,100.0,100.0,100.0,1,100.0
S1-00611,S2-00506,S2,100.0,100.0,65.12,75.56,1,90.22
S1-00611,S3-00242,S3,78.57,100.0,100.0,100.0,1,100.0
S1-00612,S2-00507,S2,100.0,100.0,51.06,85.71,1,94.29
S1-00612,S3-00243,S3,81.48,100.0,100.0,100.0,1,100.0
S1-00613,S2-00508,S2,100.0,100.0,93.94,93.94,1,97.58
S1-00613,S3-00244,S3,84.62,100.0,100.0,100.0,1,100.0
S1-00614,S2-00509,S2,100.0,100.0,98.25,98.25,1,99.3
S1-00615,S3-00245,S3,53.33,53.33,100.0,100.0,1,72.0
S1-00616,S2-00510,S2,100.0,100.0,93.94,93.94,1,97.58
S1-00616,S3-00246,S3,84.62,100.0,100.0,100.0,1,100.0
S1-00617,S2-00511,S2,87.5,87.5,98.25,98.25,1,91.8
S1-00618,S2-00512,S2,100.0,100.0,98.28,98.28,1,99.31
S1-00619,S2-00513,S2,100.0,100.0,65.12,75.56,1,90.22
S1-00620,S3-00247,S3,53.33,53.33,100.0,100.0,1,72.0
S1-00621,S2-00514,S2,100.0,100.0,94.87,94.87,1,97.95
S1-00622,S3-00248,S3,53.33,53.33,100.0,100.0,1,72.0
S1-00623,S2-00515,S2,100.0,100.0,93.75,93.75,1,97.5
S1-00623,S3-00249,S3,73.33,100.0,100.0,100.0,1,100.0
S1-00624,S2-00516,S2,100.0,100.0,98.28,98.28,1,99.31
S1-00624,S3-00250,S3,84.62,100.0,100.0,100.0,1,100.0
S1-00625,S2-00517,S2,84.21,84.21,94.87,94.87,1,88.48
S1-00626,S2-00518,S2,100.0,100.0,98.28,98.28,1,99.31
S1-00627,S2-00519,S2,100.0,100.0,98.25,98.25,1,99.3
S1-00627,S3-00251,S3,81.48,100.0,100.0,100.0,1,100.0
S1-00628,S3-00252,S3,53.33,53.33,100.0,100.0,1,72.0
S1-00629,S2-00520,S2,73.33,73.33,97.96,97.96,1,83.18
S1-00629,S3-00253,S3,84.62,100.0,56.79,72.34,1,88.94
S1-00630,S2-00521,S2,100.0,100.0,53.33,85.71,1,94.29
S1-00631,S2-00522,S2,100.0,100.0,64.29,74.42,1,89.77
S1-00632,S2-00523,S2,88.24,88.24,93.75,93.75,1,90.44
S1-00633,S2-00524,S2,100.0,100.0,98.21,98.21,1,99.29
S1-00634,S2-00525,S2,100.0,100.0,93.55,93.55,1,97.42
S1-00634,S3-00254,S3,78.57,100.0,100.0,100.0,1,100.0
S1-00635,S2-00526,S2,100.0,100.0,64.29,74.42,1,89.77
S1-00636,S2-00527,S2,100.0,100.0,47.83,84.21,1,93.68
S1-00637,S2-00528,S2,86.67,86.67,50.0,85.71,1,86.29
S1-00638,S2-00529,S2,100.0,100.0,93.94,93.94,1,97.58
S1-00639,S2-00530,S2,73.33,73.33,94.87,94.87,1,81.95
S1-00639,S3-00255,S3,84.62,100.0,100.0,100.0,1,100.0
S1-00640,S2-00531,S2,100.0,100.0,98.0,98.0,1,99.2
S1-00641,S2-00532,S2,100.0,100.0,93.75,93.75,1,97.5
S1-00642,S2-00533,S2,100.0,100.0,98.21,98.21,1,99.29
S1-00642,S3-00256,S3,81.48,100.0,100.0,100.0,1,100.0
S1-00643,S2-00534,S2,86.67,86.67,98.0,98.0,1,91.2
S1-00645,S2-00535,S2,100.0,100.0,98.21,98.21,1,99.29
S1-00645,S3-00257,S3,84.62,100.0,62.37,77.19,1,90.88
S1-00646,S2-00536,S2,100.0,100.0,97.96,97.96,1,99.18
S1-00647,S2-00537,S2,100.0,100.0,52.17,85.71,1,94.29
S1-00647,S3-00258,S3,81.48,100.0,52.46,50.0,1,80.0
S1-00648,S2-00538,S2,100.0,100.0,98.0,98.0,1,99.2
S1-00648,S3-00259,S3,81.48,100.0,56.1,72.34,1,88.94
S1-00649,S2-00539,S2,87.5,87.5,64.29,74.42,1,82.27
S1-00649,S3-00260,S3,81.48,100.0,61.7,77.97,1,91.19
S1-00651,S2-00540,S2,84.21,84.21,65.12,75.56,1,80.75
S1-00652,S2-00541,S2,86.67,86.67,64.29,74.42,1,81.77
S1-00653,S3-00261,S3,30.43,30.43,100.0,100.0,1,58.26
S1-00654,S2-00542,S2,100.0,100.0,93.55,93.55,1,97.42
S1-00655,S2-00543,S2,100.0,100.0,93.75,93.75,1,97.5
S1-00656,S2-00544,S2,91.3,91.3,98.25,98.25,1,94.08
S1-00657,S2-00545,S2,100.0,100.0,51.06,85.71,1,94.29
S1-00658,S2-00546,S2,100.0,100.0,98.28,98.28,1,99.31
S1-00658,S3-00262,S3,78.57,100.0,100.0,100.0,1,100.0
S1-00659,S2-00547,S2,100.0,100.0,70.13,74.42,1,89.77
S1-00660,S2-00548,S2,100.0,100.0,94.12,94.12,1,97.65
S1-00661,S2-00549,S2,100.0,100.0,94.87,94.87,1,97.95
S1-00662,S2-00550,S2,100.0,100.0,98.25,98.25,1,99.3
S1-00663,S2-00551,S2,100.0,100.0,93.55,93.55,1,97.42
S1-00664,S2-00552,S2,100.0,100.0,98.0,98.0,1,99.2
S1-00665,S2-00553,S2,100.0,100.0,98.21,98.21,1,99.29
S1-00665,S3-00263,S3,81.48,100.0,61.7,77.97,1,91.19
S1-00666,S3-00264,S3,43.75,43.75,100.0,100.0,1,66.25
S1-00668,S2-00554,S2,100.0,100.0,93.75,93.75,1,97.5
S1-00668,S3-00265,S3,64.71,100.0,52.46,50.0,1,80.0
S1-00669,S2-00555,S2,84.21,84.21,51.06,85.71,1,84.81
S1-00669,S3-00266,S3,73.33,100.0,100.0,100.0,1,100.0
S1-00670,S2-00556,S2,100.0,100.0,51.06,85.71,1,94.29
S1-00671,S2-00557,S2,100.0,100.0,93.94,93.94,1,97.58
S1-00672,S2-00558,S2,100.0,100.0,94.12,94.12,1,97.65
S1-00673,S2-00559,S2,100.0,100.0,64.37,75.56,1,90.22
S1-00674,S2-00560,S2,100.0,100.0,98.21,98.21,1,99.29
S1-00675,S2-00561,S2,84.21,84.21,93.55,93.55,1,87.95
S1-00676,S2-00562,S2,100.0,100.0,65.12,75.56,1,90.22
S1-00677,S2-00563,S2,100.0,100.0,63.53,74.42,1,89.77
S1-00678,S2-00564,S2,100.0,100.0,97.96,97.96,1,99.18
S1-00678,S3-00267,S3,78.57,100.0,100.0,100.0,1,100.0
S1-00679,S2-00565,S2,100.0,100.0,45.28,85.71,1,94.29
S1-00680,S2-00566,S2,100.0,100.0,93.75,93.75,1,97.5
S1-00681,S2-00567,S2,100.0,100.0,97.96,97.96,1,99.18
S1-00681,S3-00268,S3,81.48,100.0,56.79,72.34,1,88.94
S1-00682,S2-00568,S2,100.0,100.0,93.94,93.94,1,97.58
S1-00682,S3-00269,S3,84.62,100.0,51.61,49.18,1,79.67
S1-00683,S2-00569,S2,86.67,86.67,94.12,94.12,1,89.65
S1-00684,S2-00570,S2,100.0,100.0,98.25,98.25,1,99.3
S1-00685,S2-00571,S2,84.21,84.21,97.96,97.96,1,89.71
S1-00686,S2-00572,S2,84.21,84.21,52.17,85.71,1,84.81
S1-00686,S3-00270,S3,73.33,100.0,52.46,50.0,1,80.0
S1-00689,S2-00573,S2,100.0,100.0,98.25,98.25,1,99.3
S1-00689,S3-00271,S3,81.48,100.0,100.0,100.0,1,100.0
S1-00690,S3-00272,S3,50.0,50.0,100.0,100.0,1,70.0
S1-00691,S2-00574,S2,100.0,100.0,64.37,75.56,1,90.22
S1-00691,S3-00273,S3,73.33,100.0,100.0,100.0,1,100.0
S1-00692,S2-00575,S2,91.3,91.3,63.53,74.42,1,84.55
S1-00693,S2-00576,S2,86.67,86.67,98.21,98.21,1,91.29
S1-00694,S2-00577,S2,100.0,100.0,98.25,98.25,1,99.3
S1-00694,S3-00274,S3,81.48,100.0,100.0,100.0,1,100.0
S1-00695,S2-00578,S2,100.0,100.0,97.96,97.96,1,99.18
S1-00696,S2-00579,S2,100.0,100.0,98.21,98.21,1,99.29
S1-00697,S2-00580,S2,100.0,100.0,98.21,98.21,1,99.29
S1-00697,S3-00275,S3,64.71,100.0,100.0,100.0,1,100.0
S1-00698,S3-00276,S3,30.43,30.43,100.0,100.0,1,58.26
S1-00699,S2-00581,S2,100.0,100.0,98.28,98.28,1,99.31
S1-00700,S2-00582,S2,100.0,100.0,94.12,94.12,1,97.65
S1-00700,S3-00277,S3,64.71,100.0,53.97,48.39,1,79.35
S1-00701,S2-00583,S2,100.0,100.0,64.29,74.42,1,89.77
S1-00702,S2-00584,S2,100.0,100.0,93.94,93.94,1,97.58
S1-00703,S2-00585,S2,100.0,100.0,98.25,98.25,1,99.3
S1-00704,S2-00586,S2,100.0,100.0,65.12,75.56,1,90.22
S1-00705,S2-00587,S2,100.0,100.0,64.37,75.56,1,90.22
S1-00706,S2-00588,S2,100.0,100.0,94.12,94.12,1,97.65
S1-00707,S2-00589,S2,100.0,100.0,94.12,94.12,1,97.65
S1-00708,S2-00590,S2,100.0,100.0,93.75,93.75,1,97.5
S1-00708,S3-00278,S3,81.48,100.0,52.46,50.0,1,80.0
S1-00710,S2-00591,S2,100.0,100.0,98.21,98.21,1,99.29
S1-00710,S3-00279,S3,78.57,100.0,61.7,77.97,1,91.19
S1-00711,S2-00592,S2,100.0,100.0,98.21,98.21,1,99.29
S1-00711,S3-00280,S3,81.48,100.0,100.0,100.0,1,100.0
S1-00712,S2-00593,S2,100.0,100.0,93.75,93.75,1,97.5
S1-00713,S2-00594,S2,100.0,100.0,52.17,85.71,1,94.29
S1-00714,S2-00595,S2,100.0,100.0,98.25,98.25,1,99.3
S1-00715,S2-00596,S2,100.0,100.0,98.21,98.21,1,99.29
S1-00716,S2-00597,S2,100.0,100.0,48.89,84.21,1,93.68
S1-00717,S2-00598,S2,100.0,100.0,47.83,84.21,1,93.68
S1-00718,S2-00599,S2,100.0,100.0,65.12,75.56,1,90.22
S1-00719,S2-00600,S2,100.0,100.0,50.0,85.71,1,94.29
S1-00719,S3-00281,S3,64.71,100.0,53.97,48.39,1,79.35
S1-00720,S2-00601,S2,100.0,100.0,93.94,93.94,1,97.58
S1-00720,S3-00282,S3,64.71,100.0,100.0,100.0,1,100.0
S1-00721,S2-00602,S2,100.0,100.0,64.29,74.42,1,89.77
S1-00721,S3-00283,S3,73.33,100.0,62.37,77.19,1,90.88
S1-00722,S2-00603,S2,100.0,100.0,98.28,98.28,1,99.31
S1-00722,S3-00284,S3,84.62,100.0,100.0,100.0,1,100.0
S1-00723,S2-00604,S2,100.0,100.0,94.12,94.12,1,97.65
S1-00724,S2-00605,S2,100.0,100.0,94.87,94.87,1,97.95
S1-00724,S3-00285,S3,81.48,100.0,100.0,100.0,1,100.0
S1-00725,S2-00606,S2,87.5,87.5,93.55,93.55,1,89.92
S1-00726,S2-00607,S2,86.67,86.67,50.0,85.71,1,86.29
S1-00727,S2-00608,S2,86.67,86.67,93.55,93.55,1,89.42
S1-00727,S3-00286,S3,84.62,100.0,53.33,47.46,1,78.98
S1-00728,S2-00609,S2,100.0,100.0,93.75,93.75,1,97.5
S1-00729,S2-00610,S2,84.21,84.21,98.25,98.25,1,89.82
S1-00730,S2-00611,S2,100.0,100.0,98.25,98.25,1,99.3
S1-00730,S3-00287,S3,84.62,100.0,61.7,77.19,1,90.88
S1-00731,S2-00612,S2,87.5,87.5,98.28,98.28,1,91.81
S1-00731,S3-00288,S3,81.48,100.0,100.0,100.0,1,100.0
S1-00732,S2-00613,S2,100.0,100.0,93.94,93.94,1,97.58
S1-00732,S3-00289,S3,84.62,100.0,51.61,49.18,1,79.67
S1-00733,S2-00614,S2,100.0,100.0,94.12,94.12,1,97.65
S1-00734,S2-00615,S2,100.0,100.0,64.29,74.42,1,89.77
S1-00735,S2-00616,S2,88.24,88.24,98.25,98.25,1,92.24
S1-00736,S2-00617,S2,73.33,73.33,94.87,94.87,1,81.95
S1-00736,S3-00290,S3,84.62,100.0,100.0,100.0,1,100.0
S1-00737,S2-00618,S2,87.5,87.5,98.25,98.25,1,91.8
S1-00738,S2-00619,S2,100.0,100.0,98.25,98.25,1,99.3
S1-00738,S3-00291,S3,81.48,100.0,100.0,100.0,1,100.0
S1-00739,S2-00620,S2,73.33,73.33,98.28,98.28,1,83.31
S1-00740,S2-00621,S2,100.0,100.0,93.55,93.55,1,97.42
S1-00740,S3-00292,S3,64.71,100.0,100.0,100.0,1,100.0
S1-00741,S2-00622,S2,100.0,100.0,94.12,94.12,1,97.65
S1-00741,S3-00293,S3,64.71,100.0,100.0,100.0,1,100.0
S1-00742,S3-00294,S3,50.0,50.0,100.0,100.0,1,70.0
S1-00743,S2-00623,S2,100.0,100.0,98.21,98.21,1,99.29
S1-00743,S3-00295,S3,73.33,100.0,100.0,100.0,1,100.0
S1-00744,S3-00296,S3,53.33,53.33,100.0,100.0,1,72.0
S1-00745,S2-00624,S2,100.0,100.0,93.55,93.55,1,97.42
S1-00745,S3-00297,S3,84.62,100.0,53.33,50.85,1,80.34
S1-00746,S2-00625,S2,100.0,100.0,93.94,93.94,1,97.58
S1-00747,S2-00626,S2,91.3,91.3,51.06,85.71,1,89.07
S1-00748,S2-00627,S2,100.0,100.0,51.16,84.21,1,93.68
S1-00749,S2-00628,S2,100.0,100.0,98.0,98.0,1,99.2
S1-00749,S3-00298,S3,81.48,100.0,100.0,100.0,1,100.0
S1-00750,S2-00629,S2,100.0,100.0,98.25,98.25,1,99.3
S1-00751,S2-00630,S2,100.0,100.0,94.87,94.87,1,97.95
S1-00751,S3-00299,S3,81.48,100.0,100.0,100.0,1,100.0
S1-00752,S2-00631,S2,100.0,100.0,51.06,85.71,1,94.29
S1-00752,S3-00300,S3,84.62,100.0,51.61,49.18,1,79.67
S1-00753,S2-00632,S2,87.5,87.5,98.28,98.28,1,91.81
S1-00754,S2-00633,S2,100.0,100.0,98.0,98.0,1,99.2
S1-00754,S3-00301,S3,73.33,100.0,56.1,72.34,1,88.94
S1-00755,S2-00634,S2,88.24,88.24,64.29,74.42,1,82.71
S1-00756,S2-00635,S2,84.21,84.21,64.37,75.56,1,80.75
S1-00757,S2-00636,S2,100.0,100.0,93.94,93.94,1,97.58
S1-00757,S3-00302,S3,84.62,100.0,100.0,100.0,1,100.0
S1-00758,S2-00637,S2,100.0,100.0,70.13,74.42,1,89.77
S1-00759,S2-00638,S2,100.0,100.0,94.87,94.87,1,97.95
S1-00759,S3-00303,S3,73.33,100.0,47.06,47.76,1,79.1
S1-00760,S2-00639,S2,100.0,100.0,94.12,94.12,1,97.65
S1-00760,S3-00304,S3,81.48,100.0,53.97,48.39,1,79.35
S1-00761,S2-00640,S2,100.0,100.0,94.87,94.87,1,97.95
S1-00762,S2-00641,S2,100.0,100.0,51.06,85.71,1,94.29
S1-00763,S2-00642,S2,100.0,100.0,93.75,93.75,1,97.5
S1-00763,S3-00305,S3,84.62,100.0,100.0,100.0,1,100.0
S1-00764,S2-00643,S2,100.0,100.0,98.25,98.25,1,99.3
S1-00765,S2-00644,S2,100.0,100.0,93.94,93.94,1,97.58
S1-00765,S3-00306,S3,73.33,100.0,51.61,49.18,1,79.67
S1-00766,S2-00645,S2,100.0,100.0,98.0,98.0,1,99.2
S1-00767,S2-00646,S2,100.0,100.0,93.75,93.75,1,97.5
S1-00768,S2-00647,S2,100.0,100.0,93.33,93.33,1,97.33
S1-00768,S3-00307,S3,84.62,100.0,54.24,48.28,1,79.31
S1-00769,S2-00648,S2,100.0,100.0,53.33,85.71,1,94.29
S1-00770,S2-00649,S2,100.0,100.0,63.53,74.42,1,89.77
S1-00771,S2-00650,S2,100.0,100.0,93.94,93.94,1,97.58
S1-00772,S3-00308,S3,53.33,53.33,100.0,100.0,1,72.0
S1-00773,S2-00651,S2,100.0,100.0,98.18,98.18,1,99.27
S1-00775,S2-00652,S2,100.0,100.0,50.0,85.71,1,94.29
S1-00776,S2-00653,S2,87.5,87.5,98.25,98.25,1,91.8
S1-00777,S2-00654,S2,86.67,86.67,98.21,98.21,1,91.29
S1-00777,S3-00309,S3,84.62,100.0,100.0,100.0,1,100.0
S1-00778,S2-00655,S2,100.0,100.0,93.94,93.94,1,97.58
S1-00779,S2-00656,S2,100.0,100.0,98.21,98.21,1,99.29
S1-00780,S2-00657,S2,91.3,91.3,94.12,94.12,1,92.43
S1-00780,S3-00310,S3,64.71,100.0,100.0,100.0,1,100.0
S1-00782,S2-00658,S2,84.21,84.21,98.0,98.0,1,89.73
S1-00783,S2-00659,S2,100.0,100.0,98.21,98.21,1,99.29
S1-00784,S2-00660,S2,100.0,100.0,94.87,94.87,1,97.95
S1-00785,S2-00661,S2,87.5,87.5,94.87,94.87,1,90.45
S1-00785,S3-00311,S3,81.48,100.0,47.06,47.76,1,79.1
S1-00786,S2-00662,S2,84.21,84.21,93.55,93.55,1,87.95
S1-00786,S3-00312,S3,73.33,100.0,100.0,100.0,1,100.0
S1-00787,S2-00663,S2,100.0,100.0,98.21,98.21,1,99.29
S1-00788,S2-00664,S2,100.0,100.0,48.89,84.21,1,93.68
S1-00789,S2-00665,S2,100.0,100.0,62.65,73.17,1,89.27
S1-00790,S2-00666,S2,100.0,100.0,93.94,93.94,1,97.58
S1-00790,S3-00313,S3,84.62,100.0,51.61,49.18,1,79.67
S1-00791,S3-00314,S3,43.75,43.75,100.0,100.0,1,66.25
S1-00792,S2-00667,S2,91.3,91.3,63.53,74.42,1,84.55
S1-00793,S2-00668,S2,100.0,100.0,94.12,94.12,1,97.65
S1-00793,S3-00315,S3,84.62,100.0,53.97,48.39,1,79.35
S1-00794,S2-00669,S2,100.0,100.0,94.12,94.12,1,97.65
S1-00795,S2-00670,S2,100.0,100.0,94.87,94.87,1,97.95
S1-00796,S2-00671,S2,88.24,88.24,94.87,94.87,1,90.89
S1-00798,S2-00672,S2,100.0,100.0,94.87,94.87,1,97.95
S1-00799,S2-00673,S2,100.0,100.0,93.75,93.75,1,97.5
S1-00799,S3-00316,S3,81.48,100.0,52.46,50.0,1,80.0
S1-00800,S2-00674,S2,100.0,100.0,98.21,98.21,1,99.29
S1-00801,S2-00675,S2,87.5,87.5,98.21,98.21,1,91.79
S1-00802,S2-00676,S2,84.21,84.21,93.55,93.55,1,87.95
S1-00802,S3-00317,S3,73.33,100.0,100.0,100.0,1,100.0
S1-00803,S2-00677,S2,91.3,91.3,64.37,75.56,1,85.0
S1-00804,S2-00678,S2,100.0,100.0,64.37,75.56,1,90.22
S1-00805,S2-00679,S2,100.0,100.0,98.28,98.28,1,99.31
S1-00806,S2-00680,S2,73.33,73.33,98.25,98.25,1,83.3
S1-00807,S2-00681,S2,100.0,100.0,94.87,94.87,1,97.95
S1-00807,S3-00318,S3,84.62,100.0,47.06,47.76,1,79.1
S1-00808,S2-00682,S2,100.0,100.0,98.25,98.25,1,99.3
S1-00809,S2-00683,S2,100.0,100.0,98.28,98.28,1,99.31
S1-00810,S2-00684,S2,100.0,100.0,93.94,93.94,1,97.58
S1-00811,S2-00685,S2,100.0,100.0,93.94,93.94,1,97.58
S1-00812,S3-00319,S3,50.0,50.0,100.0,100.0,1,70.0
S1-00813,S2-00686,S2,100.0,100.0,93.55,93.55,1,97.42
S1-00814,S2-00687,S2,100.0,100.0,65.12,75.56,1,90.22
S1-00814,S3-00320,S3,84.62,100.0,61.05,77.97,1,91.19
S1-00815,S2-00688,S2,84.21,84.21,98.21,98.21,1,89.81
S1-00816,S2-00689,S2,91.3,91.3,93.33,93.33,1,92.12
S1-00817,S2-00690,S2,84.21,84.21,50.0,85.71,1,84.81
S1-00817,S3-00321,S3,73.33,100.0,53.97,48.39,1,79.35
S1-00818,S2-00691,S2,86.67,86.67,98.25,98.25,1,91.3
S1-00820,S2-00692,S2,100.0,100.0,98.28,98.28,1,99.31
S1-00822,S2-00693,S2,100.0,100.0,93.55,93.55,1,97.42
S1-00822,S3-00322,S3,81.48,100.0,100.0,100.0,1,100.0
S1-00823,S2-00694,S2,86.67,86.67,94.12,94.12,1,89.65
S1-00824,S2-00695,S2,100.0,100.0,98.25,98.25,1,99.3
S1-00825,S2-00696,S2,100.0,100.0,98.25,98.25,1,99.3
S1-00826,S2-00697,S2,100.0,100.0,98.25,98.25,1,99.3
S1-00827,S2-00698,S2,100.0,100.0,98.25,98.25,1,99.3
S1-00828,S3-00323,S3,43.75,43.75,100.0,100.0,1,66.25
S1-00829,S2-00699,S2,100.0,100.0,63.53,74.42,1,89.77
S1-00830,S2-00700,S2,100.0,100.0,97.96,97.96,1,99.18
S1-00831,S2-00701,S2,100.0,100.0,94.12,94.12,1,97.65
S1-00831,S3-00324,S3,64.71,100.0,100.0,100.0,1,100.0
S1-00832,S3-00325,S3,50.0,50.0,100.0,100.0,1,70.0
S1-00833,S2-00702,S2,100.0,100.0,98.28,98.28,1,99.31
S1-00834,S2-00703,S2,100.0,100.0,52.17,85.71,1,94.29
S1-00834,S3-00326,S3,64.71,100.0,52.46,50.0,1,80.0
S1-00835,S2-00704,S2,100.0,100.0,97.96,97.96,1,99.18
S1-00836,S2-00705,S2,100.0,100.0,93.75,93.75,1,97.5
S1-00837,S2-00706,S2,100.0,100.0,98.25,98.25,1,99.3
S1-00837,S3-00327,S3,64.71,100.0,100.0,100.0,1,100.0
S1-00838,S2-00707,S2,88.24,88.24,51.06,85.71,1,87.23
S1-00839,S2-00708,S2,100.0,100.0,94.87,94.87,1,97.95
S1-00839,S3-00328,S3,84.62,100.0,100.0,100.0,1,100.0
S1-00840,S2-00709,S2,100.0,100.0,94.12,94.12,1,97.65
S1-00841,S2-00710,S2,100.0,100.0,50.0,85.71,1,94.29
S1-00842,S2-00711,S2,100.0,100.0,94.74,94.74,1,97.89
S1-00843,S2-00712,S2,87.5,87.5,93.55,93.55,1,89.92
S1-00844,S2-00713,S2,100.0,100.0,98.21,98.21,1,99.29
S1-00845,S2-00714,S2,100.0,100.0,98.25,98.25,1,99.3
S1-00845,S3-00329,S3,84.62,100.0,60.22,76.36,1,90.55
S1-00846,S2-00715,S2,100.0,100.0,93.94,93.94,1,97.58
S1-00847,S2-00716,S2,100.0,100.0,94.87,94.87,1,97.95
S1-00847,S3-00330,S3,81.48,100.0,100.0,100.0,1,100.0
S1-00849,S2-00717,S2,100.0,100.0,98.25,98.25,1,99.3
S1-00850,S2-00718,S2,100.0,100.0,98.25,98.25,1,99.3
S1-00850,S3-00331,S3,78.57,100.0,100.0,100.0,1,100.0
S1-00851,S2-00719,S2,100.0,100.0,70.89,75.56,1,90.22
S1-00851,S3-00332,S3,73.33,100.0,100.0,100.0,1,100.0
S1-00852,S2-00720,S2,100.0,100.0,64.37,75.56,1,90.22
S1-00852,S3-00333,S3,81.48,100.0,100.0,100.0,1,100.0
S1-00853,S3-00334,S3,30.43,30.43,100.0,100.0,1,58.26
S1-00854,S2-00721,S2,86.67,86.67,98.21,98.21,1,91.29
S1-00855,S2-00722,S2,100.0,100.0,93.33,93.33,1,97.33
S1-00855,S3-00335,S3,84.62,100.0,100.0,100.0,1,100.0
S1-00858,S2-00723,S2,84.21,84.21,97.96,97.96,1,89.71
S1-00858,S3-00336,S3,73.33,100.0,56.79,72.34,1,88.94
S1-00859,S2-00724,S2,86.67,86.67,93.55,93.55,1,89.42
S1-00860,S2-00725,S2,100.0,100.0,93.55,93.55,1,97.42
S1-00861,S2-00726,S2,100.0,100.0,98.21,98.21,1,99.29
S1-00864,S2-00727,S2,100.0,100.0,98.0,98.0,1,99.2
S1-00865,S3-00337,S3,46.67,46.67,100.0,100.0,1,68.0
S1-00866,S2-00728,S2,86.67,86.67,93.33,93.33,1,89.33
S1-00867,S2-00729,S2,100.0,100.0,97.96,97.96,1,99.18
S1-00868,S2-00730,S2,86.67,86.67,98.0,98.0,1,91.2
S1-00869,S2-00731,S2,100.0,100.0,98.28,98.28,1,99.31
S1-00869,S3-00338,S3,81.48,100.0,100.0,100.0,1,100.0
S1-00870,S2-00732,S2,100.0,100.0,98.25,98.25,1,99.3
S1-00871,S2-00733,S2,87.5,87.5,93.94,93.94,1,90.08
S1-00871,S3-00339,S3,81.48,100.0,51.61,49.18,1,79.67
S1-00873,S2-00734,S2,100.0,100.0,70.13,74.42,1,89.77
S1-00874,S2-00735,S2,100.0,100.0,63.53,74.42,1,89.77
S1-00875,S2-00736,S2,91.3,91.3,97.96,97.96,1,93.97
S1-00876,S2-00737,S2,91.3,91.3,53.33,85.71,1,89.07
S1-00877,S2-00738,S2,86.67,86.67,70.13,74.42,1,81.77
S1-00877,S3-00340,S3,84.62,100.0,56.79,72.34,1,88.94
S1-00878,S2-00739,S2,86.67,86.67,98.25,98.25,1,91.3
S1-00879,S2-00740,S2,100.0,100.0,98.25,98.25,1,99.3
S1-00879,S3-00341,S3,78.57,100.0,61.05,77.97,1,91.19
S1-00881,S2-00741,S2,100.0,100.0,98.25,98.25,1,99.3
S1-00882,S2-00742,S2,100.0,100.0,93.94,93.94,1,97.58
S1-00883,S2-00743,S2,86.67,86.67,51.06,85.71,1,86.29
S1-00883,S3-00342,S3,84.62,100.0,51.61,49.18,1,79.67
S1-00884,S3-00343,S3,53.33,53.33,100.0,100.0,1,72.0
S1-00885,S2-00744,S2,84.21,84.21,98.21,98.21,1,89.81
S1-00886,S2-00745,S2,91.3,91.3,63.53,74.42,1,84.55
S1-00886,S3-00344,S3,64.71,100.0,60.22,76.36,1,90.55
S1-00887,S2-00746,S2,100.0,100.0,94.12,94.12,1,97.65
S1-00888,S2-00747,S2,100.0,100.0,63.53,74.42,1,89.77
S1-00888,S3-00345,S3,81.48,100.0,60.22,76.36,1,90.55
S1-00889,S2-00748,S2,100.0,100.0,93.55,93.55,1,97.42
S1-00889,S3-00346,S3,84.62,100.0,53.33,50.85,1,80.34
S1-00890,S2-00749,S2,100.0,100.0,98.25,98.25,1,99.3
S1-00891,S2-00750,S2,100.0,100.0,98.18,98.18,1,99.27
S1-00892,S2-00751,S2,100.0,100.0,98.25,98.25,1,99.3
S1-00893,S2-00752,S2,87.5,87.5,98.21,98.21,1,91.79
S1-00894,S2-00753,S2,88.24,88.24,98.28,98.28,1,92.25
S1-00895,S2-00754,S2,86.67,86.67,93.75,93.75,1,89.5
S1-00897,S2-00755,S2,100.0,100.0,94.87,94.87,1,97.95
S1-00897,S3-00347,S3,81.48,100.0,47.06,47.76,1,79.1
S1-00898,S2-00756,S2,100.0,100.0,45.28,85.71,1,94.29
S1-00898,S3-00348,S3,78.57,100.0,100.0,100.0,1,100.0
S1-00899,S2-00757,S2,100.0,100.0,53.33,85.71,1,94.29
S1-00901,S2-00758,S2,86.67,86.67,51.06,85.71,1,86.29
S1-00901,S3-00349,S3,84.62,100.0,100.0,100.0,1,100.0
S1-00902,S2-00759,S2,100.0,100.0,93.55,93.55,1,97.42
S1-00903,S2-00760,S2,91.3,91.3,93.75,93.75,1,92.28
S1-00904,S2-00761,S2,100.0,100.0,93.55,93.55,1,97.42
S1-00904,S3-00350,S3,64.71,100.0,100.0,100.0,1,100.0
S1-00905,S2-00762,S2,84.21,84.21,64.37,75.56,1,80.75
S1-00905,S3-00351,S3,73.33,100.0,100.0,100.0,1,100.0
S1-00906,S2-00763,S2,100.0,100.0,98.28,98.28,1,99.31
S1-00907,S2-00764,S2,84.21,84.21,98.25,98.25,1,89.82
S1-00908,S2-00765,S2,100.0,100.0,93.75,93.75,1,97.5
S1-00909,S2-00766,S2,86.67,86.67,98.25,98.25,1,91.3
S1-00909,S3-00352,S3,84.62,100.0,60.22,76.36,1,90.55
S1-00910,S2-00767,S2,100.0,100.0,70.89,75.56,1,90.22
S1-00910,S3-00353,S3,64.71,100.0,56.1,72.34,1,88.94
S1-00911,S2-00768,S2,100.0,100.0,94.12,94.12,1,97.65
S1-00912,S2-00769,S2,100.0,100.0,98.28,98.28,1,99.31
S1-00913,S2-00770,S2,91.3,91.3,98.25,98.25,1,94.08
S1-00914,S2-00771,S2,100.0,100.0,93.55,93.55,1,97.42
S1-00915,S2-00772,S2,84.21,84.21,52.17,85.71,1,84.81
S1-00916,S2-00773,S2,100.0,100.0,93.75,93.75,1,97.5
S1-00917,S2-00774,S2,86.67,86.67,97.96,97.96,1,91.18
S1-00918,S2-00775,S2,100.0,100.0,93.75,93.75,1,97.5
S1-00919,S3-00354,S3,60.0,63.64,100.0,100.0,1,78.18
S1-00920,S2-00776,S2,100.0,100.0,50.0,85.71,1,94.29
S1-00920,S3-00355,S3,84.62,100.0,100.0,100.0,1,100.0
S1-00921,S2-00777,S2,86.67,86.67,94.12,94.12,1,89.65
S1-00923,S2-00778,S2,87.5,87.5,64.29,74.42,1,82.27
S1-00923,S3-00356,S3,81.48,100.0,100.0,100.0,1,100.0
S1-00924,S2-00779,S2,91.3,91.3,98.25,98.25,1,94.08
S1-00924,S3-00357,S3,64.71,100.0,100.0,100.0,1,100.0
S1-00925,S2-00780,S2,91.3,91.3,98.0,98.0,1,93.98
S1-00925,S3-00358,S3,64.71,100.0,56.1,72.34,1,88.94
S1-00926,S2-00781,S2,86.67,86.67,93.55,93.55,1,89.42
S1-00928,S2-00782,S2,86.67,86.67,98.28,98.28,1,91.31
S1-00929,S2-00783,S2,100.0,100.0,53.33,85.71,1,94.29
S1-00930,S2-00784,S2,100.0,100.0,93.94,93.94,1,97.58
S1-00931,S2-00785,S2,100.0,100.0,98.21,98.21,1,99.29
S1-00931,S3-00359,S3,84.62,100.0,100.0,100.0,1,100.0
S1-00932,S2-00786,S2,91.3,91.3,98.28,98.28,1,94.09
S1-00932,S3-00360,S3,64.71,100.0,100.0,100.0,1,100.0
S1-00933,S2-00787,S2,87.5,87.5,98.25,98.25,1,91.8
S1-00935,S2-00788,S2,84.21,84.21,93.55,93.55,1,87.95
S1-00936,S2-00789,S2,100.0,100.0,94.12,94.12,1,97.65
S1-00937,S2-00790,S2,100.0,100.0,98.25,98.25,1,99.3
S1-00938,S2-00791,S2,86.67,86.67,98.25,98.25,1,91.3
S1-00939,S2-00792,S2,100.0,100.0,53.33,85.71,1,94.29
S1-00939,S3-00361,S3,78.57,100.0,100.0,100.0,1,100.0
S1-00940,S2-00793,S2,100.0,100.0,65.12,75.56,1,90.22
S1-00941,S2-00794,S2,91.3,91.3,53.33,85.71,1,89.07
S1-00942,S2-00795,S2,100.0,100.0,93.75,93.75,1,97.5
S1-00943,S2-00796,S2,88.24,88.24,98.25,98.25,1,92.24
S1-00943,S3-00362,S3,78.57,100.0,100.0,100.0,1,100.0
S1-00944,S2-00797,S2,84.21,84.21,93.33,93.33,1,87.86
S1-00944,S3-00363,S3,73.33,100.0,54.24,48.28,1,79.31
S1-00945,S2-00798,S2,86.67,86.67,98.25,98.25,1,91.3
S1-00947,S2-00799,S2,100.0,100.0,93.75,93.75,1,97.5
S1-00947,S3-00364,S3,81.48,100.0,52.46,50.0,1,80.0
S1-00948,S3-00365,S3,41.18,41.18,100.0,100.0,1,64.71
S1-00950,S2-00800,S2,100.0,100.0,65.12,75.56,1,90.22
S1-00951,S2-00801,S2,100.0,100.0,98.25,98.25,1,99.3
S1-00951,S3-00366,S3,84.62,100.0,61.7,77.19,1,90.88
S1-00952,S2-00802,S2,100.0,100.0,94.87,94.87,1,97.95
S1-00953,S2-00803,S2,100.0,100.0,70.89,75.56,1,90.22
S1-00954,S2-00804,S2,100.0,100.0,93.55,93.55,1,97.42
S1-00954,S3-00367,S3,84.62,100.0,100.0,100.0,1,100.0
S1-00955,S2-00805,S2,87.5,87.5,98.28,98.28,1,91.81
S1-00955,S3-00368,S3,81.48,100.0,59.57,76.36,1,90.55
S1-00956,S2-00806,S2,100.0,100.0,94.87,94.87,1,97.95
S1-00957,S2-00807,S2,100.0,100.0,93.75,93.75,1,97.5
S1-00958,S2-00808,S2,73.33,73.33,45.28,85.71,1,78.29
S1-00960,S2-00809,S2,87.5,87.5,94.87,94.87,1,90.45
S1-00960,S3-00369,S3,81.48,100.0,47.06,47.76,1,79.1
S1-00963,S3-00370,S3,43.75,43.75,100.0,100.0,1,66.25
S1-00964,S2-00810,S2,100.0,100.0,64.37,75.56,1,90.22
S1-00964,S3-00371,S3,78.57,100.0,59.57,76.36,1,90.55
S1-00965,S2-00811,S2,100.0,100.0,93.55,93.55,1,97.42
S1-00967,S2-00812,S2,100.0,100.0,45.28,85.71,1,94.29
S1-00968,S2-00813,S2,73.33,73.33,65.12,75.56,1,74.22
S1-00969,S2-00814,S2,100.0,100.0,98.0,98.0,1,99.2
S1-00970,S3-00372,S3,30.43,30.43,100.0,100.0,1,58.26
S1-00971,S2-00815,S2,100.0,100.0,65.12,75.56,1,90.22
S1-00972,S2-00816,S2,100.0,100.0,93.55,93.55,1,97.42
S1-00972,S3-00373,S3,84.62,100.0,53.33,50.85,1,80.34
S1-00973,S3-00374,S3,46.67,46.67,100.0,100.0,1,68.0
S1-00975,S2-00817,S2,100.0,100.0,93.94,93.94,1,97.58
S1-00976,S2-00818,S2,87.5,87.5,64.37,75.56,1,82.72
S1-00978,S2-00819,S2,100.0,100.0,98.25,98.25,1,99.3
S1-00979,S2-00820,S2,100.0,100.0,98.0,98.0,1,99.2
S1-00981,S2-00821,S2,100.0,100.0,52.17,85.71,1,94.29
S1-00982,S2-00822,S2,100.0,100.0,63.53,74.42,1,89.77
S1-00983,S2-00823,S2,100.0,100.0,94.12,94.12,1,97.65
S1-00983,S3-00375,S3,78.57,100.0,100.0,100.0,1,100.0
S1-00984,S2-00824,S2,100.0,100.0,98.28,98.28,1,99.31
S1-00985,S2-00825,S2,91.3,91.3,64.29,74.42,1,84.55
S1-00985,S3-00376,S3,64.71,100.0,62.37,77.19,1,90.88
S1-00986,S2-00826,S2,100.0,100.0,94.12,94.12,1,97.65
S1-00986,S3-00377,S3,81.48,100.0,100.0,100.0,1,100.0
S1-00987,S2-00827,S2,100.0,100.0,93.55,93.55,1,97.42
S1-00988,S2-00828,S2,100.0,100.0,98.0,98.0,1,99.2
S1-00988,S3-00378,S3,64.71,100.0,56.1,72.34,1,88.94
S1-00989,S2-00829,S2,91.3,91.3,64.29,74.42,1,84.55
S1-00990,S2-00830,S2,86.67,86.67,98.21,98.21,1,91.29
S1-00991,S2-00831,S2,100.0,100.0,93.55,93.55,1,97.42
S1-00992,S2-00832,S2,84.21,84.21,98.25,98.25,1,89.82
S1-00992,S3-00379,S3,73.33,100.0,100.0,100.0,1,100.0
S1-00993,S2-00833,S2,100.0,100.0,94.12,94.12,1,97.65
S1-00994,S2-00834,S2,100.0,100.0,93.75,93.75,1,97.5
S1-00997,S2-00835,S2,73.33,73.33,93.75,93.75,1,81.5
S1-00998,S2-00836,S2,100.0,100.0,98.25,98.25,1,99.3
S1-00998,S3-00380,S3,78.57,100.0,100.0,100.0,1,100.0
S1-00999,S2-00837,S2,100.0,100.0,93.55,93.55,1,97.42
